Source;Target;weight;Type
sr0;p2229;1;Undirected
sr1;p2553;1;Undirected
sr10;p2022;1;Undirected
sr10;p341;1;Undirected
sr100;p1087;1;Undirected
sr100;p1088;1;Undirected
sr100;p1089;1;Undirected
sr100;p1243;1;Undirected
sr100;p1325;1;Undirected
sr100;p182;1;Undirected
sr100;p1919;1;Undirected
sr100;p2061;2;Undirected
sr100;p2063;1;Undirected
sr100;p2103;1;Undirected
sr100;p2233;1;Undirected
sr100;p2263;1;Undirected
sr100;p2348;1;Undirected
sr100;p2382;1;Undirected
sr100;p2465;2;Undirected
sr100;p2470;6;Undirected
sr100;p2494;1;Undirected
sr100;p2523;1;Undirected
sr100;p429;1;Undirected
sr100;p430;1;Undirected
sr101;p1280;1;Undirected
sr101;p1281;1;Undirected
sr101;p2481;1;Undirected
sr102;p10;1;Undirected
sr102;p1000;1;Undirected
sr102;p1001;1;Undirected
sr102;p1002;1;Undirected
sr102;p101;1;Undirected
sr102;p102;1;Undirected
sr102;p103;2;Undirected
sr102;p1078;1;Undirected
sr102;p1079;1;Undirected
sr102;p1080;2;Undirected
sr102;p1081;2;Undirected
sr102;p1082;1;Undirected
sr102;p109;3;Undirected
sr102;p1092;1;Undirected
sr102;p1093;1;Undirected
sr102;p11;1;Undirected
sr102;p111;11;Undirected
sr102;p1110;3;Undirected
sr102;p1111;1;Undirected
sr102;p112;3;Undirected
sr102;p113;1;Undirected
sr102;p1130;1;Undirected
sr102;p1148;1;Undirected
sr102;p115;1;Undirected
sr102;p116;1;Undirected
sr102;p117;2;Undirected
sr102;p118;3;Undirected
sr102;p1189;1;Undirected
sr102;p119;3;Undirected
sr102;p1191;2;Undirected
sr102;p120;2;Undirected
sr102;p1205;3;Undirected
sr102;p1206;1;Undirected
sr102;p1207;1;Undirected
sr102;p121;3;Undirected
sr102;p122;1;Undirected
sr102;p123;1;Undirected
sr102;p124;1;Undirected
sr102;p125;2;Undirected
sr102;p126;1;Undirected
sr102;p127;3;Undirected
sr102;p128;2;Undirected
sr102;p129;2;Undirected
sr102;p1297;2;Undirected
sr102;p1298;1;Undirected
sr102;p1299;5;Undirected
sr102;p130;1;Undirected
sr102;p1300;2;Undirected
sr102;p1301;1;Undirected
sr102;p1302;2;Undirected
sr102;p1303;1;Undirected
sr102;p1305;1;Undirected
sr102;p1306;2;Undirected
sr102;p1308;1;Undirected
sr102;p1309;2;Undirected
sr102;p1310;1;Undirected
sr102;p1311;1;Undirected
sr102;p1316;1;Undirected
sr102;p1320;1;Undirected
sr102;p1326;2;Undirected
sr102;p133;2;Undirected
sr102;p135;1;Undirected
sr102;p136;1;Undirected
sr102;p138;1;Undirected
sr102;p140;1;Undirected
sr102;p141;2;Undirected
sr102;p142;2;Undirected
sr102;p143;1;Undirected
sr102;p144;1;Undirected
sr102;p1448;2;Undirected
sr102;p1449;1;Undirected
sr102;p145;1;Undirected
sr102;p1450;1;Undirected
sr102;p1451;2;Undirected
sr102;p1452;2;Undirected
sr102;p1453;1;Undirected
sr102;p146;1;Undirected
sr102;p148;1;Undirected
sr102;p16;1;Undirected
sr102;p165;1;Undirected
sr102;p1769;1;Undirected
sr102;p1770;1;Undirected
sr102;p1771;1;Undirected
sr102;p1772;1;Undirected
sr102;p1799;1;Undirected
sr102;p1802;1;Undirected
sr102;p1812;2;Undirected
sr102;p1813;1;Undirected
sr102;p1814;1;Undirected
sr102;p1815;1;Undirected
sr102;p1816;4;Undirected
sr102;p1817;1;Undirected
sr102;p1818;3;Undirected
sr102;p1819;2;Undirected
sr102;p1820;1;Undirected
sr102;p1821;1;Undirected
sr102;p1822;2;Undirected
sr102;p1823;1;Undirected
sr102;p1824;1;Undirected
sr102;p1825;1;Undirected
sr102;p1826;3;Undirected
sr102;p1827;2;Undirected
sr102;p1828;1;Undirected
sr102;p183;1;Undirected
sr102;p1830;1;Undirected
sr102;p1832;1;Undirected
sr102;p1833;2;Undirected
sr102;p1835;1;Undirected
sr102;p185;1;Undirected
sr102;p1850;3;Undirected
sr102;p1851;2;Undirected
sr102;p1852;1;Undirected
sr102;p1854;4;Undirected
sr102;p1856;3;Undirected
sr102;p186;1;Undirected
sr102;p1866;4;Undirected
sr102;p1869;1;Undirected
sr102;p187;3;Undirected
sr102;p1870;1;Undirected
sr102;p188;1;Undirected
sr102;p1887;1;Undirected
sr102;p1888;3;Undirected
sr102;p189;1;Undirected
sr102;p1900;1;Undirected
sr102;p1902;1;Undirected
sr102;p1903;1;Undirected
sr102;p1910;2;Undirected
sr102;p1911;2;Undirected
sr102;p1913;13;Undirected
sr102;p1914;1;Undirected
sr102;p1918;1;Undirected
sr102;p1923;2;Undirected
sr102;p1929;1;Undirected
sr102;p1930;1;Undirected
sr102;p1932;1;Undirected
sr102;p1936;6;Undirected
sr102;p1938;1;Undirected
sr102;p1939;1;Undirected
sr102;p1952;3;Undirected
sr102;p1954;1;Undirected
sr102;p1961;1;Undirected
sr102;p1975;3;Undirected
sr102;p1977;1;Undirected
sr102;p1980;1;Undirected
sr102;p1985;1;Undirected
sr102;p1996;9;Undirected
sr102;p2001;2;Undirected
sr102;p2006;1;Undirected
sr102;p2011;1;Undirected
sr102;p2024;1;Undirected
sr102;p2031;9;Undirected
sr102;p2033;1;Undirected
sr102;p2038;3;Undirected
sr102;p204;1;Undirected
sr102;p2044;16;Undirected
sr102;p2046;3;Undirected
sr102;p2047;4;Undirected
sr102;p2048;1;Undirected
sr102;p2049;1;Undirected
sr102;p2051;2;Undirected
sr102;p2052;2;Undirected
sr102;p2055;1;Undirected
sr102;p2058;1;Undirected
sr102;p2071;2;Undirected
sr102;p2090;1;Undirected
sr102;p2091;4;Undirected
sr102;p2114;1;Undirected
sr102;p2116;1;Undirected
sr102;p2126;1;Undirected
sr102;p2127;1;Undirected
sr102;p2131;26;Undirected
sr102;p2132;1;Undirected
sr102;p2134;1;Undirected
sr102;p2135;2;Undirected
sr102;p2150;1;Undirected
sr102;p2164;1;Undirected
sr102;p2165;6;Undirected
sr102;p2173;1;Undirected
sr102;p2174;2;Undirected
sr102;p2175;1;Undirected
sr102;p2176;1;Undirected
sr102;p2186;4;Undirected
sr102;p2196;1;Undirected
sr102;p2202;2;Undirected
sr102;p2222;1;Undirected
sr102;p223;1;Undirected
sr102;p2239;2;Undirected
sr102;p2252;1;Undirected
sr102;p2258;7;Undirected
sr102;p2283;1;Undirected
sr102;p2292;4;Undirected
sr102;p2312;3;Undirected
sr102;p2322;1;Undirected
sr102;p2324;1;Undirected
sr102;p2325;2;Undirected
sr102;p2327;1;Undirected
sr102;p2328;1;Undirected
sr102;p2329;6;Undirected
sr102;p2337;1;Undirected
sr102;p2345;1;Undirected
sr102;p2347;1;Undirected
sr102;p235;1;Undirected
sr102;p2353;1;Undirected
sr102;p2356;1;Undirected
sr102;p236;1;Undirected
sr102;p2360;1;Undirected
sr102;p2361;6;Undirected
sr102;p2364;2;Undirected
sr102;p237;1;Undirected
sr102;p2377;6;Undirected
sr102;p238;1;Undirected
sr102;p2403;1;Undirected
sr102;p2408;1;Undirected
sr102;p2410;2;Undirected
sr102;p2412;3;Undirected
sr102;p2415;1;Undirected
sr102;p2416;1;Undirected
sr102;p2423;1;Undirected
sr102;p2430;3;Undirected
sr102;p2439;3;Undirected
sr102;p2448;2;Undirected
sr102;p2477;1;Undirected
sr102;p2478;1;Undirected
sr102;p2482;1;Undirected
sr102;p2496;7;Undirected
sr102;p2502;3;Undirected
sr102;p2504;3;Undirected
sr102;p2524;1;Undirected
sr102;p2529;9;Undirected
sr102;p2540;1;Undirected
sr102;p2569;1;Undirected
sr102;p2576;7;Undirected
sr102;p2590;5;Undirected
sr102;p2591;1;Undirected
sr102;p2592;1;Undirected
sr102;p2602;1;Undirected
sr102;p2631;1;Undirected
sr102;p2649;2;Undirected
sr102;p2650;4;Undirected
sr102;p2658;2;Undirected
sr102;p2673;1;Undirected
sr102;p2677;2;Undirected
sr102;p2682;1;Undirected
sr102;p2684;1;Undirected
sr102;p2685;13;Undirected
sr102;p318;1;Undirected
sr102;p331;4;Undirected
sr102;p332;1;Undirected
sr102;p333;1;Undirected
sr102;p334;1;Undirected
sr102;p335;1;Undirected
sr102;p370;1;Undirected
sr102;p371;2;Undirected
sr102;p372;2;Undirected
sr102;p373;1;Undirected
sr102;p374;4;Undirected
sr102;p375;1;Undirected
sr102;p376;1;Undirected
sr102;p377;1;Undirected
sr102;p378;1;Undirected
sr102;p379;2;Undirected
sr102;p380;2;Undirected
sr102;p381;1;Undirected
sr102;p382;1;Undirected
sr102;p383;1;Undirected
sr102;p384;1;Undirected
sr102;p385;1;Undirected
sr102;p388;1;Undirected
sr102;p389;2;Undirected
sr102;p390;2;Undirected
sr102;p391;1;Undirected
sr102;p392;1;Undirected
sr102;p393;1;Undirected
sr102;p395;1;Undirected
sr102;p400;1;Undirected
sr102;p401;2;Undirected
sr102;p402;1;Undirected
sr102;p403;1;Undirected
sr102;p404;2;Undirected
sr102;p405;3;Undirected
sr102;p406;1;Undirected
sr102;p407;1;Undirected
sr102;p408;1;Undirected
sr102;p409;2;Undirected
sr102;p410;3;Undirected
sr102;p411;2;Undirected
sr102;p412;3;Undirected
sr102;p413;1;Undirected
sr102;p414;3;Undirected
sr102;p415;1;Undirected
sr102;p422;1;Undirected
sr102;p493;1;Undirected
sr102;p494;1;Undirected
sr102;p495;1;Undirected
sr102;p496;1;Undirected
sr102;p497;1;Undirected
sr102;p505;2;Undirected
sr102;p529;1;Undirected
sr102;p534;4;Undirected
sr102;p535;5;Undirected
sr102;p536;2;Undirected
sr102;p537;3;Undirected
sr102;p538;1;Undirected
sr102;p539;1;Undirected
sr102;p540;3;Undirected
sr102;p541;1;Undirected
sr102;p542;2;Undirected
sr102;p543;1;Undirected
sr102;p544;4;Undirected
sr102;p545;2;Undirected
sr102;p546;2;Undirected
sr102;p547;2;Undirected
sr102;p548;2;Undirected
sr102;p549;2;Undirected
sr102;p550;1;Undirected
sr102;p551;1;Undirected
sr102;p552;1;Undirected
sr102;p553;1;Undirected
sr102;p554;1;Undirected
sr102;p555;1;Undirected
sr102;p556;1;Undirected
sr102;p557;1;Undirected
sr102;p558;1;Undirected
sr102;p559;1;Undirected
sr102;p560;2;Undirected
sr102;p561;2;Undirected
sr102;p562;2;Undirected
sr102;p563;1;Undirected
sr102;p564;1;Undirected
sr102;p565;1;Undirected
sr102;p566;1;Undirected
sr102;p567;1;Undirected
sr102;p568;1;Undirected
sr102;p569;1;Undirected
sr102;p570;1;Undirected
sr102;p571;1;Undirected
sr102;p572;1;Undirected
sr102;p573;1;Undirected
sr102;p574;1;Undirected
sr102;p575;1;Undirected
sr102;p576;1;Undirected
sr102;p577;2;Undirected
sr102;p578;1;Undirected
sr102;p579;1;Undirected
sr102;p580;1;Undirected
sr102;p702;1;Undirected
sr102;p703;1;Undirected
sr102;p704;1;Undirected
sr102;p705;1;Undirected
sr102;p706;1;Undirected
sr102;p722;2;Undirected
sr102;p723;1;Undirected
sr102;p727;1;Undirected
sr102;p898;1;Undirected
sr102;p996;1;Undirected
sr102;p999;2;Undirected
sr103;p1896;1;Undirected
sr103;p2275;1;Undirected
sr104;p1037;1;Undirected
sr104;p1115;1;Undirected
sr104;p1116;1;Undirected
sr104;p1117;1;Undirected
sr104;p1121;1;Undirected
sr104;p1144;1;Undirected
sr104;p1282;1;Undirected
sr104;p1283;1;Undirected
sr104;p1786;1;Undirected
sr104;p1867;2;Undirected
sr104;p1872;1;Undirected
sr104;p1901;1;Undirected
sr104;p1904;1;Undirected
sr104;p1945;2;Undirected
sr104;p2035;1;Undirected
sr104;p2077;2;Undirected
sr104;p2111;1;Undirected
sr104;p2172;4;Undirected
sr104;p2179;2;Undirected
sr104;p2257;2;Undirected
sr104;p226;1;Undirected
sr104;p2260;1;Undirected
sr104;p2262;1;Undirected
sr104;p2306;1;Undirected
sr104;p2308;2;Undirected
sr104;p2359;1;Undirected
sr104;p2365;5;Undirected
sr104;p2379;1;Undirected
sr104;p2394;4;Undirected
sr104;p2396;2;Undirected
sr104;p2421;3;Undirected
sr104;p2426;1;Undirected
sr104;p2484;1;Undirected
sr104;p2499;1;Undirected
sr104;p2519;2;Undirected
sr104;p2525;1;Undirected
sr104;p2565;1;Undirected
sr104;p2570;1;Undirected
sr104;p2659;1;Undirected
sr104;p2666;1;Undirected
sr104;p2680;2;Undirected
sr104;p2691;1;Undirected
sr104;p31;3;Undirected
sr104;p32;1;Undirected
sr104;p33;1;Undirected
sr104;p34;1;Undirected
sr104;p465;1;Undirected
sr104;p468;1;Undirected
sr104;p471;1;Undirected
sr105;p2039;5;Undirected
sr105;p396;1;Undirected
sr105;p397;2;Undirected
sr105;p423;1;Undirected
sr105;p424;1;Undirected
sr106;p1354;1;Undirected
sr106;p1356;1;Undirected
sr106;p1357;1;Undirected
sr106;p1383;1;Undirected
sr106;p2558;2;Undirected
sr107;p1791;1;Undirected
sr107;p1792;1;Undirected
sr107;p2383;2;Undirected
sr107;p2436;1;Undirected
sr107;p2668;1;Undirected
sr108;p2589;1;Undirected
sr109;p1114;1;Undirected
sr109;p1150;1;Undirected
sr109;p1151;1;Undirected
sr109;p1152;2;Undirected
sr109;p1153;1;Undirected
sr109;p1154;2;Undirected
sr109;p1155;1;Undirected
sr109;p1156;2;Undirected
sr109;p1157;1;Undirected
sr109;p1158;1;Undirected
sr109;p1159;3;Undirected
sr109;p1160;2;Undirected
sr109;p1161;2;Undirected
sr109;p1162;1;Undirected
sr109;p1163;1;Undirected
sr109;p1164;1;Undirected
sr109;p1165;1;Undirected
sr109;p1166;3;Undirected
sr109;p1167;1;Undirected
sr109;p1168;1;Undirected
sr109;p1169;2;Undirected
sr109;p1170;1;Undirected
sr109;p1171;1;Undirected
sr109;p1172;1;Undirected
sr109;p1173;1;Undirected
sr109;p1174;1;Undirected
sr109;p1175;1;Undirected
sr109;p1176;1;Undirected
sr109;p1177;1;Undirected
sr109;p1178;2;Undirected
sr109;p1288;1;Undirected
sr109;p1695;1;Undirected
sr109;p1696;1;Undirected
sr109;p1720;1;Undirected
sr109;p1721;4;Undirected
sr109;p1722;1;Undirected
sr109;p1723;1;Undirected
sr109;p1724;1;Undirected
sr109;p1727;1;Undirected
sr109;p1877;1;Undirected
sr109;p1889;6;Undirected
sr109;p1992;5;Undirected
sr109;p2074;8;Undirected
sr109;p2076;23;Undirected
sr109;p2078;8;Undirected
sr109;p2081;2;Undirected
sr109;p2140;13;Undirected
sr109;p2200;20;Undirected
sr109;p2247;1;Undirected
sr109;p2384;3;Undirected
sr109;p2434;21;Undirected
sr109;p2435;3;Undirected
sr109;p2488;2;Undirected
sr109;p2622;7;Undirected
sr109;p2627;4;Undirected
sr109;p328;1;Undirected
sr109;p329;1;Undirected
sr109;p431;1;Undirected
sr109;p432;1;Undirected
sr109;p433;1;Undirected
sr109;p434;3;Undirected
sr109;p435;2;Undirected
sr109;p436;2;Undirected
sr109;p437;1;Undirected
sr109;p438;4;Undirected
sr109;p439;1;Undirected
sr109;p440;3;Undirected
sr109;p441;2;Undirected
sr109;p442;2;Undirected
sr109;p443;1;Undirected
sr109;p444;2;Undirected
sr109;p445;1;Undirected
sr109;p446;1;Undirected
sr109;p447;1;Undirected
sr109;p448;1;Undirected
sr109;p449;6;Undirected
sr109;p450;1;Undirected
sr109;p451;1;Undirected
sr109;p452;1;Undirected
sr109;p453;1;Undirected
sr109;p455;1;Undirected
sr109;p456;1;Undirected
sr109;p457;1;Undirected
sr109;p458;1;Undirected
sr109;p459;1;Undirected
sr109;p460;1;Undirected
sr109;p461;1;Undirected
sr109;p463;2;Undirected
sr109;p464;1;Undirected
sr109;p466;2;Undirected
sr109;p467;1;Undirected
sr109;p469;1;Undirected
sr109;p470;1;Undirected
sr109;p583;2;Undirected
sr109;p584;1;Undirected
sr109;p585;1;Undirected
sr109;p586;1;Undirected
sr109;p587;2;Undirected
sr109;p589;2;Undirected
sr109;p590;1;Undirected
sr109;p592;1;Undirected
sr109;p594;2;Undirected
sr109;p648;1;Undirected
sr109;p664;1;Undirected
sr109;p687;1;Undirected
sr109;p688;1;Undirected
sr109;p689;1;Undirected
sr109;p697;1;Undirected
sr109;p734;4;Undirected
sr109;p735;1;Undirected
sr109;p736;1;Undirected
sr109;p737;3;Undirected
sr109;p738;1;Undirected
sr109;p739;1;Undirected
sr109;p740;1;Undirected
sr109;p741;1;Undirected
sr109;p742;1;Undirected
sr109;p743;1;Undirected
sr109;p744;1;Undirected
sr109;p745;1;Undirected
sr109;p746;1;Undirected
sr109;p747;1;Undirected
sr109;p748;2;Undirected
sr109;p749;1;Undirected
sr109;p750;1;Undirected
sr109;p751;2;Undirected
sr109;p752;2;Undirected
sr109;p753;1;Undirected
sr109;p754;2;Undirected
sr109;p755;1;Undirected
sr109;p756;1;Undirected
sr109;p757;1;Undirected
sr109;p758;1;Undirected
sr109;p759;2;Undirected
sr109;p76;2;Undirected
sr109;p760;1;Undirected
sr109;p761;1;Undirected
sr109;p762;1;Undirected
sr109;p763;1;Undirected
sr109;p764;2;Undirected
sr109;p765;2;Undirected
sr109;p766;1;Undirected
sr109;p767;1;Undirected
sr109;p768;1;Undirected
sr109;p769;2;Undirected
sr109;p77;1;Undirected
sr109;p770;1;Undirected
sr109;p771;1;Undirected
sr109;p772;2;Undirected
sr109;p773;1;Undirected
sr109;p774;1;Undirected
sr109;p775;1;Undirected
sr109;p776;1;Undirected
sr109;p777;1;Undirected
sr109;p778;1;Undirected
sr109;p779;1;Undirected
sr109;p78;2;Undirected
sr109;p780;1;Undirected
sr109;p781;1;Undirected
sr109;p782;1;Undirected
sr109;p783;1;Undirected
sr109;p784;1;Undirected
sr109;p785;1;Undirected
sr109;p786;1;Undirected
sr109;p787;1;Undirected
sr109;p788;1;Undirected
sr109;p789;1;Undirected
sr109;p79;1;Undirected
sr109;p790;2;Undirected
sr109;p791;1;Undirected
sr109;p792;1;Undirected
sr109;p793;1;Undirected
sr109;p794;1;Undirected
sr109;p795;1;Undirected
sr109;p796;1;Undirected
sr109;p797;1;Undirected
sr109;p798;1;Undirected
sr109;p799;1;Undirected
sr109;p80;1;Undirected
sr109;p81;1;Undirected
sr109;p82;1;Undirected
sr109;p83;1;Undirected
sr109;p84;1;Undirected
sr109;p85;1;Undirected
sr109;p86;1;Undirected
sr109;p87;1;Undirected
sr109;p88;1;Undirected
sr109;p89;1;Undirected
sr11;p2641;3;Undirected
sr110;p1879;3;Undirected
sr111;p2141;11;Undirected
sr111;p2295;2;Undirected
sr111;p597;2;Undirected
sr111;p598;1;Undirected
sr111;p599;2;Undirected
sr111;p600;1;Undirected
sr111;p601;3;Undirected
sr111;p602;3;Undirected
sr111;p603;1;Undirected
sr111;p604;1;Undirected
sr111;p605;2;Undirected
sr111;p607;1;Undirected
sr111;p608;1;Undirected
sr111;p609;1;Undirected
sr111;p610;1;Undirected
sr111;p611;2;Undirected
sr111;p613;1;Undirected
sr111;p614;1;Undirected
sr111;p615;2;Undirected
sr111;p616;1;Undirected
sr111;p617;1;Undirected
sr111;p619;1;Undirected
sr111;p620;3;Undirected
sr111;p621;1;Undirected
sr111;p622;1;Undirected
sr111;p623;1;Undirected
sr111;p624;3;Undirected
sr111;p625;1;Undirected
sr111;p626;1;Undirected
sr111;p627;1;Undirected
sr111;p628;2;Undirected
sr111;p629;2;Undirected
sr111;p630;1;Undirected
sr111;p631;2;Undirected
sr111;p632;1;Undirected
sr111;p633;1;Undirected
sr111;p634;1;Undirected
sr111;p635;1;Undirected
sr111;p636;1;Undirected
sr111;p637;2;Undirected
sr111;p638;2;Undirected
sr111;p639;1;Undirected
sr111;p640;1;Undirected
sr111;p642;1;Undirected
sr111;p643;1;Undirected
sr111;p644;1;Undirected
sr111;p646;1;Undirected
sr111;p647;1;Undirected
sr111;p649;1;Undirected
sr111;p650;1;Undirected
sr111;p651;1;Undirected
sr111;p652;1;Undirected
sr111;p653;1;Undirected
sr111;p654;1;Undirected
sr111;p655;1;Undirected
sr111;p656;1;Undirected
sr111;p657;1;Undirected
sr111;p659;1;Undirected
sr111;p662;1;Undirected
sr112;p2129;1;Undirected
sr112;p2146;1;Undirected
sr113;p1019;1;Undirected
sr113;p1021;1;Undirected
sr113;p1023;1;Undirected
sr113;p1033;1;Undirected
sr113;p2299;12;Undirected
sr113;p2300;1;Undirected
sr113;p2302;3;Undirected
sr114;p1880;2;Undirected
sr114;p70;1;Undirected
sr114;p72;1;Undirected
sr114;p75;1;Undirected
sr115;p2207;2;Undirected
sr115;p2335;1;Undirected
sr115;p2372;3;Undirected
sr116;p2303;2;Undirected
sr117;p1145;1;Undirected
sr117;p1146;2;Undirected
sr117;p2427;1;Undirected
sr117;p2429;2;Undirected
sr118;p2136;18;Undirected
sr118;p2216;4;Undirected
sr118;p2223;5;Undirected
sr118;p2444;10;Undirected
sr118;p835;1;Undirected
sr119;p17;1;Undirected
sr119;p1774;2;Undirected
sr119;p1775;1;Undirected
sr119;p1777;1;Undirected
sr119;p1778;1;Undirected
sr119;p1780;2;Undirected
sr119;p1781;2;Undirected
sr119;p1784;1;Undirected
sr119;p1785;1;Undirected
sr119;p1787;1;Undirected
sr119;p18;1;Undirected
sr119;p1855;7;Undirected
sr119;p2018;3;Undirected
sr119;p2259;2;Undirected
sr119;p2660;6;Undirected
sr12;p1108;1;Undirected
sr12;p1147;1;Undirected
sr12;p1149;1;Undirected
sr12;p1193;1;Undirected
sr12;p1204;1;Undirected
sr12;p1234;1;Undirected
sr12;p1237;1;Undirected
sr12;p1239;1;Undirected
sr12;p1240;1;Undirected
sr12;p1241;1;Undirected
sr12;p2245;1;Undirected
sr12;p2369;6;Undirected
sr12;p2428;12;Undirected
sr12;p2443;10;Undirected
sr12;p2575;3;Undirected
sr120;p1793;2;Undirected
sr120;p1794;5;Undirected
sr120;p1795;1;Undirected
sr120;p1796;1;Undirected
sr120;p2669;6;Undirected
sr121;p2023;3;Undirected
sr121;p366;1;Undirected
sr122;p2268;24;Undirected
sr122;p929;1;Undirected
sr122;p930;1;Undirected
sr122;p931;2;Undirected
sr122;p932;1;Undirected
sr122;p933;2;Undirected
sr122;p934;2;Undirected
sr122;p935;2;Undirected
sr122;p936;1;Undirected
sr122;p937;3;Undirected
sr122;p938;1;Undirected
sr122;p939;1;Undirected
sr122;p940;2;Undirected
sr122;p941;1;Undirected
sr122;p942;1;Undirected
sr122;p943;2;Undirected
sr122;p944;1;Undirected
sr122;p945;1;Undirected
sr122;p946;1;Undirected
sr122;p947;1;Undirected
sr122;p949;1;Undirected
sr122;p950;1;Undirected
sr122;p957;1;Undirected
sr122;p961;1;Undirected
sr122;p962;1;Undirected
sr122;p963;1;Undirected
sr122;p964;1;Undirected
sr122;p965;1;Undirected
sr122;p966;1;Undirected
sr122;p967;1;Undirected
sr122;p968;1;Undirected
sr123;p184;1;Undirected
sr123;p1881;1;Undirected
sr123;p1937;2;Undirected
sr124;p2059;1;Undirected
sr124;p2060;2;Undirected
sr124;p425;2;Undirected
sr124;p426;2;Undirected
sr124;p427;2;Undirected
sr124;p428;1;Undirected
sr125;p2083;4;Undirected
sr125;p2405;1;Undirected
sr125;p2542;1;Undirected
sr126;p1332;1;Undirected
sr126;p1333;1;Undirected
sr126;p1334;1;Undirected
sr126;p1335;1;Undirected
sr126;p1336;2;Undirected
sr126;p1337;1;Undirected
sr126;p1338;1;Undirected
sr126;p1339;1;Undirected
sr126;p1340;1;Undirected
sr126;p1341;1;Undirected
sr126;p1342;1;Undirected
sr126;p1343;1;Undirected
sr126;p1344;1;Undirected
sr126;p1345;1;Undirected
sr126;p1346;1;Undirected
sr126;p1347;1;Undirected
sr126;p1348;1;Undirected
sr126;p1349;1;Undirected
sr126;p1384;2;Undirected
sr126;p1385;1;Undirected
sr126;p1386;1;Undirected
sr126;p1387;1;Undirected
sr126;p1388;1;Undirected
sr126;p1392;1;Undirected
sr126;p1411;1;Undirected
sr126;p1776;2;Undirected
sr126;p1779;1;Undirected
sr126;p1782;1;Undirected
sr126;p1783;1;Undirected
sr126;p2157;1;Undirected
sr126;p2545;8;Undirected
sr126;p2661;8;Undirected
sr127;p2079;2;Undirected
sr127;p2244;1;Undirected
sr127;p2267;1;Undirected
sr127;p2588;1;Undirected
sr128;p2376;1;Undirected
sr128;p2433;2;Undirected
sr128;p2511;1;Undirected
sr128;p2512;1;Undirected
sr128;p2528;1;Undirected
sr129;p2143;2;Undirected
sr13;p2291;2;Undirected
sr130;p2304;1;Undirected
sr130;p2387;1;Undirected
sr131;p2513;1;Undirected
sr132;p2580;1;Undirected
sr14;p2354;1;Undirected
sr15;p1258;1;Undirected
sr15;p1260;2;Undirected
sr15;p1262;1;Undirected
sr15;p1264;1;Undirected
sr15;p1267;1;Undirected
sr15;p1268;1;Undirected
sr15;p1269;1;Undirected
sr15;p1275;1;Undirected
sr15;p1364;1;Undirected
sr15;p1369;1;Undirected
sr15;p1428;1;Undirected
sr15;p1729;2;Undirected
sr15;p1730;1;Undirected
sr15;p1734;1;Undirected
sr15;p1735;1;Undirected
sr15;p1737;1;Undirected
sr15;p1738;1;Undirected
sr15;p1811;1;Undirected
sr15;p2211;3;Undirected
sr15;p2289;3;Undirected
sr15;p2431;1;Undirected
sr15;p2432;1;Undirected
sr15;p2463;1;Undirected
sr15;p2466;1;Undirected
sr15;p2471;10;Undirected
sr15;p2476;1;Undirected
sr15;p2516;1;Undirected
sr15;p2517;1;Undirected
sr15;p2548;1;Undirected
sr15;p2557;1;Undirected
sr15;p2574;5;Undirected
sr15;p2577;1;Undirected
sr15;p2578;1;Undirected
sr15;p2632;3;Undirected
sr15;p2683;1;Undirected
sr15;p820;1;Undirected
sr16;p14;1;Undirected
sr16;p1853;1;Undirected
sr16;p2045;1;Undirected
sr16;p2125;2;Undirected
sr16;p2169;1;Undirected
sr16;p2170;1;Undirected
sr16;p2232;1;Undirected
sr16;p2317;1;Undirected
sr16;p2330;3;Undirected
sr16;p2483;1;Undirected
sr16;p708;1;Undirected
sr17;p1669;1;Undirected
sr17;p2064;2;Undirected
sr17;p2070;1;Undirected
sr17;p2072;1;Undirected
sr17;p2276;1;Undirected
sr17;p2363;1;Undirected
sr17;p2413;1;Undirected
sr17;p2459;2;Undirected
sr17;p2464;1;Undirected
sr17;p2620;2;Undirected
sr17;p973;1;Undirected
sr18;p1323;1;Undirected
sr18;p1324;1;Undirected
sr18;p2256;1;Undirected
sr18;p2520;3;Undirected
sr19;p1965;1;Undirected
sr19;p2225;3;Undirected
sr19;p2350;2;Undirected
sr19;p2351;1;Undirected
sr19;p247;1;Undirected
sr2;p1083;1;Undirected
sr2;p1546;1;Undirected
sr2;p2198;1;Undirected
sr2;p2336;1;Undirected
sr2;p2598;3;Undirected
sr2;p2613;7;Undirected
sr20;p2393;2;Undirected
sr20;p2549;1;Undirected
sr21;p2089;1;Undirected
sr21;p2250;1;Undirected
sr22;p2597;1;Undirected
sr23;p0;1;Undirected
sr23;p100;1;Undirected
sr23;p1003;1;Undirected
sr23;p1006;2;Undirected
sr23;p1009;1;Undirected
sr23;p1013;1;Undirected
sr23;p1076;1;Undirected
sr23;p1084;1;Undirected
sr23;p1090;1;Undirected
sr23;p1094;1;Undirected
sr23;p1095;1;Undirected
sr23;p1122;1;Undirected
sr23;p1124;1;Undirected
sr23;p1131;1;Undirected
sr23;p1135;1;Undirected
sr23;p1136;1;Undirected
sr23;p1137;1;Undirected
sr23;p1138;1;Undirected
sr23;p1139;1;Undirected
sr23;p1140;1;Undirected
sr23;p1141;1;Undirected
sr23;p1192;2;Undirected
sr23;p1202;2;Undirected
sr23;p1210;1;Undirected
sr23;p1247;1;Undirected
sr23;p1270;1;Undirected
sr23;p1285;1;Undirected
sr23;p1286;1;Undirected
sr23;p1287;1;Undirected
sr23;p1289;1;Undirected
sr23;p1296;1;Undirected
sr23;p1330;3;Undirected
sr23;p1331;1;Undirected
sr23;p1390;1;Undirected
sr23;p1391;1;Undirected
sr23;p1454;1;Undirected
sr23;p1455;1;Undirected
sr23;p1485;1;Undirected
sr23;p1490;1;Undirected
sr23;p1501;1;Undirected
sr23;p1503;3;Undirected
sr23;p1504;1;Undirected
sr23;p1515;1;Undirected
sr23;p1541;2;Undirected
sr23;p1544;1;Undirected
sr23;p164;1;Undirected
sr23;p1653;1;Undirected
sr23;p1666;1;Undirected
sr23;p171;1;Undirected
sr23;p172;1;Undirected
sr23;p173;1;Undirected
sr23;p1741;1;Undirected
sr23;p175;1;Undirected
sr23;p180;1;Undirected
sr23;p1829;2;Undirected
sr23;p1848;1;Undirected
sr23;p1857;3;Undirected
sr23;p1860;1;Undirected
sr23;p1863;2;Undirected
sr23;p1865;1;Undirected
sr23;p1871;1;Undirected
sr23;p1874;5;Undirected
sr23;p1882;2;Undirected
sr23;p1884;1;Undirected
sr23;p1885;1;Undirected
sr23;p19;1;Undirected
sr23;p1906;4;Undirected
sr23;p1907;3;Undirected
sr23;p1909;4;Undirected
sr23;p1917;1;Undirected
sr23;p1920;1;Undirected
sr23;p1921;1;Undirected
sr23;p1925;1;Undirected
sr23;p1927;12;Undirected
sr23;p1931;4;Undirected
sr23;p1934;1;Undirected
sr23;p1944;2;Undirected
sr23;p1947;1;Undirected
sr23;p1948;1;Undirected
sr23;p1949;1;Undirected
sr23;p1950;2;Undirected
sr23;p1951;1;Undirected
sr23;p1953;2;Undirected
sr23;p1955;1;Undirected
sr23;p1957;1;Undirected
sr23;p1959;1;Undirected
sr23;p1966;1;Undirected
sr23;p1967;3;Undirected
sr23;p1968;4;Undirected
sr23;p1970;2;Undirected
sr23;p1974;2;Undirected
sr23;p1976;1;Undirected
sr23;p1978;1;Undirected
sr23;p1981;2;Undirected
sr23;p1984;1;Undirected
sr23;p1987;1;Undirected
sr23;p1988;1;Undirected
sr23;p1990;1;Undirected
sr23;p1993;1;Undirected
sr23;p1994;2;Undirected
sr23;p1995;1;Undirected
sr23;p1998;1;Undirected
sr23;p1999;1;Undirected
sr23;p2000;1;Undirected
sr23;p2002;1;Undirected
sr23;p2004;2;Undirected
sr23;p2007;1;Undirected
sr23;p2008;1;Undirected
sr23;p2009;1;Undirected
sr23;p2012;1;Undirected
sr23;p2013;1;Undirected
sr23;p2014;1;Undirected
sr23;p2017;4;Undirected
sr23;p2019;3;Undirected
sr23;p2025;3;Undirected
sr23;p2026;1;Undirected
sr23;p2027;1;Undirected
sr23;p2028;2;Undirected
sr23;p2029;1;Undirected
sr23;p2034;3;Undirected
sr23;p2036;1;Undirected
sr23;p2040;1;Undirected
sr23;p2041;2;Undirected
sr23;p2043;2;Undirected
sr23;p2054;1;Undirected
sr23;p2085;1;Undirected
sr23;p2087;5;Undirected
sr23;p2092;1;Undirected
sr23;p2093;2;Undirected
sr23;p2095;1;Undirected
sr23;p2096;1;Undirected
sr23;p2099;2;Undirected
sr23;p2100;1;Undirected
sr23;p2101;2;Undirected
sr23;p2102;2;Undirected
sr23;p2107;1;Undirected
sr23;p2108;2;Undirected
sr23;p2110;1;Undirected
sr23;p2113;3;Undirected
sr23;p2117;3;Undirected
sr23;p2119;2;Undirected
sr23;p2137;7;Undirected
sr23;p2155;4;Undirected
sr23;p2156;4;Undirected
sr23;p2158;2;Undirected
sr23;p2160;2;Undirected
sr23;p2162;2;Undirected
sr23;p2163;3;Undirected
sr23;p2166;2;Undirected
sr23;p2167;1;Undirected
sr23;p2168;2;Undirected
sr23;p2171;1;Undirected
sr23;p2177;1;Undirected
sr23;p2180;1;Undirected
sr23;p2181;1;Undirected
sr23;p2190;3;Undirected
sr23;p2192;1;Undirected
sr23;p2193;1;Undirected
sr23;p2195;1;Undirected
sr23;p2197;1;Undirected
sr23;p2201;2;Undirected
sr23;p2213;1;Undirected
sr23;p2214;1;Undirected
sr23;p2218;3;Undirected
sr23;p2219;2;Undirected
sr23;p2220;1;Undirected
sr23;p2224;1;Undirected
sr23;p2226;1;Undirected
sr23;p2227;2;Undirected
sr23;p2228;4;Undirected
sr23;p2235;3;Undirected
sr23;p2236;1;Undirected
sr23;p2241;3;Undirected
sr23;p2249;1;Undirected
sr23;p2253;1;Undirected
sr23;p2255;1;Undirected
sr23;p2265;1;Undirected
sr23;p2269;1;Undirected
sr23;p2270;2;Undirected
sr23;p2271;3;Undirected
sr23;p2272;1;Undirected
sr23;p2273;1;Undirected
sr23;p2274;1;Undirected
sr23;p2277;2;Undirected
sr23;p2278;1;Undirected
sr23;p2279;1;Undirected
sr23;p2280;1;Undirected
sr23;p2281;1;Undirected
sr23;p2282;2;Undirected
sr23;p2284;1;Undirected
sr23;p2285;1;Undirected
sr23;p229;1;Undirected
sr23;p2293;2;Undirected
sr23;p230;1;Undirected
sr23;p2305;2;Undirected
sr23;p231;1;Undirected
sr23;p2310;1;Undirected
sr23;p2311;1;Undirected
sr23;p2314;1;Undirected
sr23;p232;1;Undirected
sr23;p2321;2;Undirected
sr23;p2323;1;Undirected
sr23;p2326;2;Undirected
sr23;p2333;1;Undirected
sr23;p2338;1;Undirected
sr23;p2339;1;Undirected
sr23;p2340;1;Undirected
sr23;p2342;2;Undirected
sr23;p2343;1;Undirected
sr23;p2346;1;Undirected
sr23;p2349;1;Undirected
sr23;p2352;1;Undirected
sr23;p2355;1;Undirected
sr23;p2357;2;Undirected
sr23;p2362;2;Undirected
sr23;p2374;1;Undirected
sr23;p2381;2;Undirected
sr23;p2385;1;Undirected
sr23;p2386;1;Undirected
sr23;p2389;2;Undirected
sr23;p2395;3;Undirected
sr23;p2398;2;Undirected
sr23;p2402;3;Undirected
sr23;p2406;2;Undirected
sr23;p2414;3;Undirected
sr23;p2417;2;Undirected
sr23;p2418;1;Undirected
sr23;p2419;1;Undirected
sr23;p2422;1;Undirected
sr23;p2424;1;Undirected
sr23;p2425;1;Undirected
sr23;p2441;1;Undirected
sr23;p2447;1;Undirected
sr23;p2450;1;Undirected
sr23;p2454;1;Undirected
sr23;p2455;3;Undirected
sr23;p2460;1;Undirected
sr23;p2468;2;Undirected
sr23;p2472;1;Undirected
sr23;p2475;1;Undirected
sr23;p2479;4;Undirected
sr23;p2485;1;Undirected
sr23;p2486;1;Undirected
sr23;p2487;3;Undirected
sr23;p249;1;Undirected
sr23;p2493;1;Undirected
sr23;p2495;2;Undirected
sr23;p250;2;Undirected
sr23;p2501;3;Undirected
sr23;p2522;2;Undirected
sr23;p2526;1;Undirected
sr23;p2534;1;Undirected
sr23;p2541;1;Undirected
sr23;p2543;1;Undirected
sr23;p2546;2;Undirected
sr23;p2566;3;Undirected
sr23;p2571;1;Undirected
sr23;p2579;1;Undirected
sr23;p2581;2;Undirected
sr23;p2582;1;Undirected
sr23;p2584;1;Undirected
sr23;p2587;2;Undirected
sr23;p2603;3;Undirected
sr23;p2604;1;Undirected
sr23;p2606;1;Undirected
sr23;p2610;2;Undirected
sr23;p2617;8;Undirected
sr23;p2618;2;Undirected
sr23;p2636;1;Undirected
sr23;p2637;1;Undirected
sr23;p2644;1;Undirected
sr23;p265;1;Undirected
sr23;p2657;1;Undirected
sr23;p2662;3;Undirected
sr23;p2663;3;Undirected
sr23;p2667;4;Undirected
sr23;p2674;1;Undirected
sr23;p2679;1;Undirected
sr23;p2686;1;Undirected
sr23;p280;1;Undirected
sr23;p283;1;Undirected
sr23;p285;1;Undirected
sr23;p286;1;Undirected
sr23;p287;1;Undirected
sr23;p289;1;Undirected
sr23;p290;1;Undirected
sr23;p291;1;Undirected
sr23;p30;1;Undirected
sr23;p319;1;Undirected
sr23;p330;1;Undirected
sr23;p336;1;Undirected
sr23;p338;1;Undirected
sr23;p339;1;Undirected
sr23;p367;1;Undirected
sr23;p368;1;Undirected
sr23;p38;1;Undirected
sr23;p39;1;Undirected
sr23;p394;1;Undirected
sr23;p40;1;Undirected
sr23;p42;1;Undirected
sr23;p489;1;Undirected
sr23;p499;2;Undirected
sr23;p500;1;Undirected
sr23;p501;1;Undirected
sr23;p502;1;Undirected
sr23;p503;1;Undirected
sr23;p506;1;Undirected
sr23;p507;1;Undirected
sr23;p581;1;Undirected
sr23;p660;1;Undirected
sr23;p668;1;Undirected
sr23;p690;1;Undirected
sr23;p691;1;Undirected
sr23;p692;1;Undirected
sr23;p693;1;Undirected
sr23;p694;2;Undirected
sr23;p699;2;Undirected
sr23;p700;1;Undirected
sr23;p701;1;Undirected
sr23;p707;1;Undirected
sr23;p71;1;Undirected
sr23;p724;1;Undirected
sr23;p726;1;Undirected
sr23;p73;1;Undirected
sr23;p836;1;Undirected
sr23;p838;1;Undirected
sr23;p839;1;Undirected
sr23;p96;1;Undirected
sr23;p969;1;Undirected
sr23;p97;1;Undirected
sr23;p970;1;Undirected
sr23;p971;1;Undirected
sr23;p972;2;Undirected
sr23;p98;1;Undirected
sr24;p1091;1;Undirected
sr24;p1973;2;Undirected
sr24;p2358;2;Undirected
sr25;p2187;2;Undirected
sr26;p1119;1;Undirected
sr26;p2191;2;Undirected
sr26;p2206;1;Undirected
sr26;p2217;1;Undirected
sr26;p2290;2;Undirected
sr26;p2332;1;Undirected
sr26;p2370;2;Undirected
sr26;p2392;3;Undirected
sr26;p2458;1;Undirected
sr27;p2142;3;Undirected
sr27;p2148;5;Undirected
sr27;p2151;3;Undirected
sr27;p645;1;Undirected
sr27;p665;1;Undirected
sr27;p675;1;Undirected
sr27;p676;1;Undirected
sr27;p677;3;Undirected
sr27;p682;1;Undirected
sr27;p683;1;Undirected
sr27;p685;1;Undirected
sr27;p686;1;Undirected
sr28;p2073;2;Undirected
sr28;p2080;1;Undirected
sr28;p462;1;Undirected
sr29;p1898;1;Undirected
sr29;p1933;1;Undirected
sr29;p1940;1;Undirected
sr29;p1946;1;Undirected
sr29;p1960;1;Undirected
sr29;p1997;1;Undirected
sr29;p2037;1;Undirected
sr29;p2065;1;Undirected
sr29;p2104;1;Undirected
sr29;p2105;1;Undirected
sr29;p2124;1;Undirected
sr29;p2185;1;Undirected
sr29;p2189;1;Undirected
sr29;p2237;2;Undirected
sr29;p227;1;Undirected
sr29;p233;1;Undirected
sr29;p2331;1;Undirected
sr29;p234;1;Undirected
sr29;p2404;1;Undirected
sr29;p2420;1;Undirected
sr29;p2452;1;Undirected
sr29;p2552;1;Undirected
sr29;p2560;1;Undirected
sr29;p2634;1;Undirected
sr29;p715;1;Undirected
sr29;p716;1;Undirected
sr29;p844;1;Undirected
sr3;p2042;2;Undirected
sr3;p398;1;Undirected
sr3;p399;1;Undirected
sr30;p2184;4;Undirected
sr30;p714;1;Undirected
sr30;p720;1;Undirected
sr31;p1180;1;Undirected
sr31;p1181;2;Undirected
sr31;p1182;2;Undirected
sr31;p1183;2;Undirected
sr31;p1184;1;Undirected
sr31;p1185;1;Undirected
sr31;p1186;2;Undirected
sr31;p1187;1;Undirected
sr31;p1188;1;Undirected
sr31;p1190;1;Undirected
sr31;p1194;1;Undirected
sr31;p1195;1;Undirected
sr31;p1196;1;Undirected
sr31;p1197;1;Undirected
sr31;p1198;1;Undirected
sr31;p1199;1;Undirected
sr31;p1200;1;Undirected
sr31;p1201;2;Undirected
sr31;p1203;1;Undirected
sr31;p1290;2;Undirected
sr31;p1291;1;Undirected
sr31;p1304;1;Undirected
sr31;p1307;2;Undirected
sr31;p131;3;Undirected
sr31;p1312;1;Undirected
sr31;p132;2;Undirected
sr31;p1321;2;Undirected
sr31;p1322;1;Undirected
sr31;p134;2;Undirected
sr31;p1350;2;Undirected
sr31;p1351;1;Undirected
sr31;p1358;1;Undirected
sr31;p1359;2;Undirected
sr31;p1360;1;Undirected
sr31;p1361;2;Undirected
sr31;p1362;1;Undirected
sr31;p1363;1;Undirected
sr31;p1365;1;Undirected
sr31;p1366;3;Undirected
sr31;p1367;1;Undirected
sr31;p1368;1;Undirected
sr31;p137;1;Undirected
sr31;p1370;1;Undirected
sr31;p1371;1;Undirected
sr31;p1372;1;Undirected
sr31;p1373;1;Undirected
sr31;p1374;1;Undirected
sr31;p1375;1;Undirected
sr31;p1376;1;Undirected
sr31;p1377;1;Undirected
sr31;p1378;1;Undirected
sr31;p1379;1;Undirected
sr31;p1380;1;Undirected
sr31;p1381;1;Undirected
sr31;p1382;1;Undirected
sr31;p1389;1;Undirected
sr31;p139;1;Undirected
sr31;p1395;2;Undirected
sr31;p1396;2;Undirected
sr31;p1397;5;Undirected
sr31;p1398;1;Undirected
sr31;p1399;2;Undirected
sr31;p1400;3;Undirected
sr31;p1401;1;Undirected
sr31;p1402;2;Undirected
sr31;p1403;1;Undirected
sr31;p1404;1;Undirected
sr31;p1405;4;Undirected
sr31;p1406;1;Undirected
sr31;p1407;3;Undirected
sr31;p1408;1;Undirected
sr31;p1409;1;Undirected
sr31;p1410;2;Undirected
sr31;p1412;3;Undirected
sr31;p1413;1;Undirected
sr31;p1414;2;Undirected
sr31;p1415;1;Undirected
sr31;p1416;1;Undirected
sr31;p1417;1;Undirected
sr31;p1418;1;Undirected
sr31;p1419;1;Undirected
sr31;p1420;2;Undirected
sr31;p1421;1;Undirected
sr31;p1422;1;Undirected
sr31;p1423;1;Undirected
sr31;p1424;1;Undirected
sr31;p1426;1;Undirected
sr31;p1429;1;Undirected
sr31;p1430;3;Undirected
sr31;p1431;1;Undirected
sr31;p1432;1;Undirected
sr31;p1433;1;Undirected
sr31;p1434;1;Undirected
sr31;p1435;1;Undirected
sr31;p1437;1;Undirected
sr31;p1438;1;Undirected
sr31;p1439;1;Undirected
sr31;p1440;1;Undirected
sr31;p1441;1;Undirected
sr31;p1442;1;Undirected
sr31;p1443;1;Undirected
sr31;p1444;1;Undirected
sr31;p1445;1;Undirected
sr31;p1446;1;Undirected
sr31;p1447;1;Undirected
sr31;p1459;5;Undirected
sr31;p1460;2;Undirected
sr31;p1461;2;Undirected
sr31;p1462;1;Undirected
sr31;p1463;2;Undirected
sr31;p1464;1;Undirected
sr31;p1465;8;Undirected
sr31;p1466;1;Undirected
sr31;p1467;5;Undirected
sr31;p1468;6;Undirected
sr31;p1469;1;Undirected
sr31;p147;1;Undirected
sr31;p1470;8;Undirected
sr31;p1471;1;Undirected
sr31;p1472;1;Undirected
sr31;p1473;1;Undirected
sr31;p1474;1;Undirected
sr31;p1475;1;Undirected
sr31;p1476;1;Undirected
sr31;p1477;2;Undirected
sr31;p1478;1;Undirected
sr31;p1479;1;Undirected
sr31;p1480;1;Undirected
sr31;p1481;1;Undirected
sr31;p1482;1;Undirected
sr31;p1483;1;Undirected
sr31;p1484;1;Undirected
sr31;p1486;1;Undirected
sr31;p1487;1;Undirected
sr31;p1488;1;Undirected
sr31;p1489;1;Undirected
sr31;p1491;1;Undirected
sr31;p1492;2;Undirected
sr31;p1493;1;Undirected
sr31;p1494;1;Undirected
sr31;p1495;1;Undirected
sr31;p1496;3;Undirected
sr31;p1497;1;Undirected
sr31;p1498;2;Undirected
sr31;p1499;1;Undirected
sr31;p1500;2;Undirected
sr31;p1502;1;Undirected
sr31;p1505;1;Undirected
sr31;p1506;2;Undirected
sr31;p1507;1;Undirected
sr31;p1508;2;Undirected
sr31;p1509;2;Undirected
sr31;p1510;2;Undirected
sr31;p1511;1;Undirected
sr31;p1512;1;Undirected
sr31;p1513;1;Undirected
sr31;p1514;1;Undirected
sr31;p1516;1;Undirected
sr31;p1517;1;Undirected
sr31;p1518;2;Undirected
sr31;p1519;1;Undirected
sr31;p1520;1;Undirected
sr31;p1521;1;Undirected
sr31;p1522;1;Undirected
sr31;p1742;2;Undirected
sr31;p1743;2;Undirected
sr31;p1744;1;Undirected
sr31;p1745;2;Undirected
sr31;p1746;2;Undirected
sr31;p1747;1;Undirected
sr31;p1748;1;Undirected
sr31;p1749;1;Undirected
sr31;p1750;1;Undirected
sr31;p1751;3;Undirected
sr31;p1752;1;Undirected
sr31;p1753;1;Undirected
sr31;p1754;1;Undirected
sr31;p1755;1;Undirected
sr31;p1756;1;Undirected
sr31;p1839;1;Undirected
sr31;p1840;1;Undirected
sr31;p1841;2;Undirected
sr31;p1843;1;Undirected
sr31;p1878;29;Undirected
sr31;p1916;9;Undirected
sr31;p1963;7;Undirected
sr31;p1969;13;Undirected
sr31;p1972;15;Undirected
sr31;p1986;8;Undirected
sr31;p1989;1;Undirected
sr31;p2120;1;Undirected
sr31;p2121;10;Undirected
sr31;p2128;7;Undirected
sr31;p2152;1;Undirected
sr31;p2154;7;Undirected
sr31;p2199;4;Undirected
sr31;p2231;5;Undirected
sr31;p2399;3;Undirected
sr31;p240;2;Undirected
sr31;p241;2;Undirected
sr31;p242;2;Undirected
sr31;p243;1;Undirected
sr31;p2438;7;Undirected
sr31;p244;1;Undirected
sr31;p2445;7;Undirected
sr31;p2446;2;Undirected
sr31;p245;1;Undirected
sr31;p246;1;Undirected
sr31;p248;1;Undirected
sr31;p2489;6;Undirected
sr31;p2497;5;Undirected
sr31;p2500;1;Undirected
sr31;p2505;1;Undirected
sr31;p2506;1;Undirected
sr31;p2507;1;Undirected
sr31;p251;3;Undirected
sr31;p2510;7;Undirected
sr31;p2515;3;Undirected
sr31;p252;2;Undirected
sr31;p253;1;Undirected
sr31;p254;1;Undirected
sr31;p2544;2;Undirected
sr31;p255;1;Undirected
sr31;p2554;5;Undirected
sr31;p256;1;Undirected
sr31;p2562;7;Undirected
sr31;p2563;3;Undirected
sr31;p2567;4;Undirected
sr31;p2568;2;Undirected
sr31;p257;1;Undirected
sr31;p2573;29;Undirected
sr31;p258;2;Undirected
sr31;p259;1;Undirected
sr31;p260;2;Undirected
sr31;p2600;1;Undirected
sr31;p2601;40;Undirected
sr31;p261;1;Undirected
sr31;p262;1;Undirected
sr31;p2628;1;Undirected
sr31;p2629;1;Undirected
sr31;p263;2;Undirected
sr31;p2630;1;Undirected
sr31;p2639;14;Undirected
sr31;p264;1;Undirected
sr31;p2640;1;Undirected
sr31;p2656;1;Undirected
sr31;p266;1;Undirected
sr31;p267;2;Undirected
sr31;p268;1;Undirected
sr31;p269;3;Undirected
sr31;p2692;3;Undirected
sr31;p270;1;Undirected
sr31;p271;2;Undirected
sr31;p272;3;Undirected
sr31;p273;1;Undirected
sr31;p274;1;Undirected
sr31;p275;2;Undirected
sr31;p276;1;Undirected
sr31;p277;1;Undirected
sr31;p278;1;Undirected
sr31;p279;1;Undirected
sr31;p281;1;Undirected
sr31;p282;1;Undirected
sr31;p284;2;Undirected
sr31;p288;1;Undirected
sr31;p292;1;Undirected
sr31;p294;1;Undirected
sr31;p295;1;Undirected
sr31;p296;1;Undirected
sr31;p297;2;Undirected
sr31;p298;1;Undirected
sr31;p299;1;Undirected
sr31;p300;1;Undirected
sr31;p301;1;Undirected
sr31;p302;1;Undirected
sr31;p303;3;Undirected
sr31;p305;1;Undirected
sr31;p306;1;Undirected
sr31;p307;1;Undirected
sr31;p308;1;Undirected
sr31;p309;1;Undirected
sr31;p310;1;Undirected
sr31;p311;1;Undirected
sr31;p312;1;Undirected
sr31;p313;1;Undirected
sr31;p314;1;Undirected
sr31;p315;1;Undirected
sr31;p316;1;Undirected
sr31;p317;1;Undirected
sr31;p320;3;Undirected
sr31;p321;1;Undirected
sr31;p322;3;Undirected
sr31;p323;1;Undirected
sr31;p324;1;Undirected
sr31;p325;1;Undirected
sr31;p326;2;Undirected
sr31;p46;2;Undirected
sr31;p47;1;Undirected
sr31;p48;3;Undirected
sr31;p49;2;Undirected
sr31;p50;1;Undirected
sr31;p509;1;Undirected
sr31;p51;1;Undirected
sr31;p510;2;Undirected
sr31;p511;1;Undirected
sr31;p512;2;Undirected
sr31;p513;1;Undirected
sr31;p514;1;Undirected
sr31;p515;2;Undirected
sr31;p516;2;Undirected
sr31;p517;2;Undirected
sr31;p518;1;Undirected
sr31;p519;1;Undirected
sr31;p52;1;Undirected
sr31;p520;1;Undirected
sr31;p521;2;Undirected
sr31;p522;1;Undirected
sr31;p523;1;Undirected
sr31;p524;2;Undirected
sr31;p525;2;Undirected
sr31;p526;1;Undirected
sr31;p527;1;Undirected
sr31;p528;1;Undirected
sr31;p53;1;Undirected
sr31;p530;2;Undirected
sr31;p531;2;Undirected
sr31;p532;1;Undirected
sr31;p533;1;Undirected
sr31;p54;1;Undirected
sr31;p55;1;Undirected
sr31;p56;2;Undirected
sr31;p57;1;Undirected
sr31;p58;1;Undirected
sr31;p59;1;Undirected
sr31;p60;1;Undirected
sr31;p61;1;Undirected
sr31;p62;1;Undirected
sr31;p63;1;Undirected
sr31;p64;1;Undirected
sr31;p65;1;Undirected
sr31;p66;1;Undirected
sr31;p67;1;Undirected
sr31;p68;1;Undirected
sr31;p69;1;Undirected
sr31;p729;1;Undirected
sr31;p730;1;Undirected
sr31;p731;1;Undirected
sr31;p732;1;Undirected
sr31;p733;1;Undirected
sr31;p840;1;Undirected
sr31;p842;2;Undirected
sr32;p1971;3;Undirected
sr32;p2594;2;Undirected
sr32;p293;1;Undirected
sr32;p304;1;Undirected
sr33;p1004;3;Undirected
sr33;p1005;2;Undirected
sr33;p1007;3;Undirected
sr33;p1008;3;Undirected
sr33;p1010;1;Undirected
sr33;p1011;4;Undirected
sr33;p1012;1;Undirected
sr33;p1014;2;Undirected
sr33;p1015;1;Undirected
sr33;p1017;3;Undirected
sr33;p1018;2;Undirected
sr33;p1022;1;Undirected
sr33;p1024;1;Undirected
sr33;p1028;1;Undirected
sr33;p2294;20;Undirected
sr33;p2301;2;Undirected
sr34;p1905;1;Undirected
sr35;p1038;1;Undirected
sr35;p1039;2;Undirected
sr35;p1040;1;Undirected
sr35;p1041;1;Undirected
sr35;p1042;4;Undirected
sr35;p1043;1;Undirected
sr35;p1044;1;Undirected
sr35;p1045;2;Undirected
sr35;p1046;1;Undirected
sr35;p1047;2;Undirected
sr35;p1048;1;Undirected
sr35;p1050;1;Undirected
sr35;p1061;1;Undirected
sr35;p2316;10;Undirected
sr36;p1979;2;Undirected
sr37;p1456;1;Undirected
sr37;p1457;1;Undirected
sr37;p1458;1;Undirected
sr37;p2599;5;Undirected
sr38;p1085;1;Undirected
sr38;p1766;1;Undirected
sr38;p1767;3;Undirected
sr38;p2153;7;Undirected
sr38;p2246;9;Undirected
sr38;p2646;4;Undirected
sr38;p678;2;Undirected
sr38;p679;3;Undirected
sr38;p680;1;Undirected
sr38;p684;2;Undirected
sr38;p884;2;Undirected
sr38;p885;3;Undirected
sr38;p890;1;Undirected
sr38;p894;1;Undirected
sr38;p896;2;Undirected
sr38;p897;1;Undirected
sr39;p1034;1;Undirected
sr39;p2264;24;Undirected
sr39;p899;1;Undirected
sr39;p900;3;Undirected
sr39;p901;1;Undirected
sr39;p902;2;Undirected
sr39;p903;3;Undirected
sr39;p904;1;Undirected
sr39;p905;1;Undirected
sr39;p906;2;Undirected
sr39;p907;1;Undirected
sr39;p908;1;Undirected
sr39;p909;1;Undirected
sr39;p910;2;Undirected
sr39;p911;2;Undirected
sr39;p912;1;Undirected
sr39;p913;1;Undirected
sr39;p914;2;Undirected
sr39;p915;1;Undirected
sr39;p916;1;Undirected
sr39;p917;1;Undirected
sr39;p918;1;Undirected
sr39;p919;1;Undirected
sr39;p920;1;Undirected
sr39;p921;2;Undirected
sr39;p923;1;Undirected
sr39;p924;1;Undirected
sr39;p925;1;Undirected
sr39;p926;1;Undirected
sr39;p927;1;Undirected
sr39;p928;2;Undirected
sr39;p951;1;Undirected
sr39;p952;1;Undirected
sr39;p953;1;Undirected
sr39;p954;2;Undirected
sr39;p955;2;Undirected
sr39;p956;1;Undirected
sr39;p958;1;Undirected
sr39;p959;1;Undirected
sr39;p960;1;Undirected
sr4;p1899;1;Undirected
sr40;p2130;1;Undirected
sr41;p2313;1;Undirected
sr41;p2593;2;Undirected
sr41;p2652;1;Undirected
sr41;p2653;1;Undirected
sr41;p2654;1;Undirected
sr41;p2665;1;Undirected
sr41;p2676;1;Undirected
sr42;p2230;2;Undirected
sr42;p2583;3;Undirected
sr43;p1086;1;Undirected
sr43;p1208;1;Undirected
sr43;p1209;1;Undirected
sr43;p1225;1;Undirected
sr43;p1279;1;Undirected
sr43;p1284;1;Undirected
sr43;p1292;1;Undirected
sr43;p1313;1;Undirected
sr43;p1314;1;Undirected
sr43;p1315;1;Undirected
sr43;p1317;1;Undirected
sr43;p1318;1;Undirected
sr43;p1319;1;Undirected
sr43;p1328;1;Undirected
sr43;p1329;2;Undirected
sr43;p1352;1;Undirected
sr43;p1353;1;Undirected
sr43;p1538;1;Undirected
sr43;p1545;1;Undirected
sr43;p1547;1;Undirected
sr43;p1548;1;Undirected
sr43;p1549;1;Undirected
sr43;p1609;2;Undirected
sr43;p1655;2;Undirected
sr43;p1693;1;Undirected
sr43;p1732;1;Undirected
sr43;p1757;2;Undirected
sr43;p1758;1;Undirected
sr43;p1759;2;Undirected
sr43;p1763;1;Undirected
sr43;p1768;1;Undirected
sr43;p1798;1;Undirected
sr43;p1800;1;Undirected
sr43;p1801;1;Undirected
sr43;p1803;1;Undirected
sr43;p1804;4;Undirected
sr43;p1805;1;Undirected
sr43;p1806;1;Undirected
sr43;p1807;1;Undirected
sr43;p1808;1;Undirected
sr43;p1836;1;Undirected
sr43;p1849;3;Undirected
sr43;p1864;2;Undirected
sr43;p1883;1;Undirected
sr43;p1928;3;Undirected
sr43;p2030;1;Undirected
sr43;p2050;6;Undirected
sr43;p2057;1;Undirected
sr43;p2069;2;Undirected
sr43;p2082;2;Undirected
sr43;p2106;2;Undirected
sr43;p2112;4;Undirected
sr43;p2115;3;Undirected
sr43;p2122;2;Undirected
sr43;p2123;1;Undirected
sr43;p2159;2;Undirected
sr43;p2161;1;Undirected
sr43;p2203;1;Undirected
sr43;p2215;6;Undirected
sr43;p2240;3;Undirected
sr43;p2307;2;Undirected
sr43;p2334;1;Undirected
sr43;p2341;2;Undirected
sr43;p2344;2;Undirected
sr43;p2366;1;Undirected
sr43;p2442;1;Undirected
sr43;p2449;2;Undirected
sr43;p2457;3;Undirected
sr43;p2480;3;Undirected
sr43;p2491;2;Undirected
sr43;p2508;4;Undirected
sr43;p2536;3;Undirected
sr43;p2538;3;Undirected
sr43;p2550;3;Undirected
sr43;p2555;1;Undirected
sr43;p2585;3;Undirected
sr43;p2586;2;Undirected
sr43;p2607;1;Undirected
sr43;p2609;4;Undirected
sr43;p2611;3;Undirected
sr43;p2612;8;Undirected
sr43;p2615;9;Undirected
sr43;p2619;2;Undirected
sr43;p2623;3;Undirected
sr43;p2642;12;Undirected
sr43;p2648;2;Undirected
sr43;p2651;4;Undirected
sr43;p2671;6;Undirected
sr43;p2678;11;Undirected
sr43;p2689;2;Undirected
sr43;p369;1;Undirected
sr43;p416;2;Undirected
sr43;p417;2;Undirected
sr43;p418;1;Undirected
sr43;p419;1;Undirected
sr43;p420;1;Undirected
sr43;p421;1;Undirected
sr43;p472;1;Undirected
sr43;p473;1;Undirected
sr43;p504;1;Undirected
sr43;p845;1;Undirected
sr43;p846;1;Undirected
sr44;p2625;2;Undirected
sr45;p1958;1;Undirected
sr46;p2144;1;Undirected
sr47;p1550;10;Undirected
sr47;p1551;1;Undirected
sr47;p1552;2;Undirected
sr47;p1553;1;Undirected
sr47;p1554;2;Undirected
sr47;p1555;3;Undirected
sr47;p1556;1;Undirected
sr47;p1557;3;Undirected
sr47;p1558;2;Undirected
sr47;p1559;2;Undirected
sr47;p1560;2;Undirected
sr47;p1561;3;Undirected
sr47;p1562;3;Undirected
sr47;p1563;1;Undirected
sr47;p1564;1;Undirected
sr47;p1565;1;Undirected
sr47;p1566;2;Undirected
sr47;p1567;2;Undirected
sr47;p1568;1;Undirected
sr47;p1569;1;Undirected
sr47;p1570;1;Undirected
sr47;p1571;1;Undirected
sr47;p1572;2;Undirected
sr47;p1573;1;Undirected
sr47;p1574;1;Undirected
sr47;p1575;1;Undirected
sr47;p1576;1;Undirected
sr47;p1577;3;Undirected
sr47;p1578;1;Undirected
sr47;p1579;1;Undirected
sr47;p1580;1;Undirected
sr47;p1581;1;Undirected
sr47;p1582;1;Undirected
sr47;p1583;1;Undirected
sr47;p1584;3;Undirected
sr47;p1585;2;Undirected
sr47;p1586;3;Undirected
sr47;p1587;1;Undirected
sr47;p1588;1;Undirected
sr47;p1589;2;Undirected
sr47;p1590;1;Undirected
sr47;p1591;1;Undirected
sr47;p1592;1;Undirected
sr47;p1593;1;Undirected
sr47;p1594;2;Undirected
sr47;p1595;1;Undirected
sr47;p1596;1;Undirected
sr47;p1597;2;Undirected
sr47;p1598;2;Undirected
sr47;p1599;1;Undirected
sr47;p1600;1;Undirected
sr47;p1601;1;Undirected
sr47;p1602;1;Undirected
sr47;p1603;2;Undirected
sr47;p1604;1;Undirected
sr47;p1605;2;Undirected
sr47;p1606;2;Undirected
sr47;p1607;1;Undirected
sr47;p1608;1;Undirected
sr47;p1610;2;Undirected
sr47;p1611;1;Undirected
sr47;p1612;1;Undirected
sr47;p1613;2;Undirected
sr47;p1614;1;Undirected
sr47;p1615;1;Undirected
sr47;p1616;1;Undirected
sr47;p1617;1;Undirected
sr47;p1618;1;Undirected
sr47;p1619;3;Undirected
sr47;p1620;1;Undirected
sr47;p1621;2;Undirected
sr47;p1622;2;Undirected
sr47;p1623;2;Undirected
sr47;p1624;1;Undirected
sr47;p1625;2;Undirected
sr47;p1626;1;Undirected
sr47;p1627;3;Undirected
sr47;p1628;1;Undirected
sr47;p1629;1;Undirected
sr47;p1630;2;Undirected
sr47;p1631;1;Undirected
sr47;p1632;2;Undirected
sr47;p1633;4;Undirected
sr47;p1634;1;Undirected
sr47;p1635;1;Undirected
sr47;p1636;1;Undirected
sr47;p1637;1;Undirected
sr47;p1638;1;Undirected
sr47;p1639;1;Undirected
sr47;p1640;1;Undirected
sr47;p1641;1;Undirected
sr47;p1642;2;Undirected
sr47;p1643;1;Undirected
sr47;p1644;2;Undirected
sr47;p1645;1;Undirected
sr47;p1646;1;Undirected
sr47;p1647;1;Undirected
sr47;p1648;1;Undirected
sr47;p1649;3;Undirected
sr47;p1650;1;Undirected
sr47;p1651;1;Undirected
sr47;p1652;1;Undirected
sr47;p1654;1;Undirected
sr47;p1656;1;Undirected
sr47;p1657;3;Undirected
sr47;p1658;1;Undirected
sr47;p1659;1;Undirected
sr47;p1660;1;Undirected
sr47;p1661;1;Undirected
sr47;p1662;1;Undirected
sr47;p1663;1;Undirected
sr47;p1664;1;Undirected
sr47;p1665;1;Undirected
sr47;p1667;1;Undirected
sr47;p1668;1;Undirected
sr47;p1670;2;Undirected
sr47;p1671;1;Undirected
sr47;p1672;2;Undirected
sr47;p1673;1;Undirected
sr47;p1674;1;Undirected
sr47;p1675;1;Undirected
sr47;p1676;1;Undirected
sr47;p1677;1;Undirected
sr47;p1678;1;Undirected
sr47;p1679;1;Undirected
sr47;p1680;1;Undirected
sr47;p1681;1;Undirected
sr47;p1682;1;Undirected
sr47;p1683;3;Undirected
sr47;p1684;1;Undirected
sr47;p1685;1;Undirected
sr47;p1686;1;Undirected
sr47;p1687;1;Undirected
sr47;p1688;2;Undirected
sr47;p1689;1;Undirected
sr47;p1690;2;Undirected
sr47;p1697;2;Undirected
sr47;p1698;1;Undirected
sr47;p1699;1;Undirected
sr47;p1700;1;Undirected
sr47;p1705;1;Undirected
sr47;p1706;1;Undirected
sr47;p1710;1;Undirected
sr47;p1712;1;Undirected
sr47;p1716;1;Undirected
sr47;p1719;1;Undirected
sr47;p1725;1;Undirected
sr47;p1726;1;Undirected
sr47;p1728;2;Undirected
sr47;p1845;1;Undirected
sr47;p2614;36;Undirected
sr48;p2088;1;Undirected
sr48;p2194;1;Undirected
sr49;p2533;1;Undirected
sr5;p1059;1;Undirected
sr5;p1060;1;Undirected
sr5;p1964;1;Undirected
sr5;p2319;3;Undirected
sr5;p2521;1;Undirected
sr5;p2530;1;Undirected
sr5;p2531;1;Undirected
sr5;p2532;3;Undirected
sr5;p2551;4;Undirected
sr50;p2518;1;Undirected
sr51;p1773;1;Undirected
sr51;p1788;1;Undirected
sr51;p1789;1;Undirected
sr51;p1790;1;Undirected
sr51;p2655;2;Undirected
sr52;p2547;1;Undirected
sr53;p2400;1;Undirected
sr54;p1123;1;Undirected
sr54;p1125;1;Undirected
sr54;p1127;1;Undirected
sr54;p1128;1;Undirected
sr54;p1956;1;Undirected
sr54;p2397;7;Undirected
sr55;p2561;1;Undirected
sr56;p2315;2;Undirected
sr57;p1233;2;Undirected
sr57;p1236;1;Undirected
sr57;p1355;2;Undirected
sr57;p2461;8;Undirected
sr57;p2559;1;Undirected
sr58;p2453;18;Undirected
sr59;p2309;1;Undirected
sr6;p2133;11;Undirected
sr60;p1238;2;Undirected
sr60;p1242;1;Undirected
sr60;p1765;1;Undirected
sr60;p2003;2;Undirected
sr60;p2053;1;Undirected
sr60;p2462;1;Undirected
sr60;p2539;1;Undirected
sr60;p2645;2;Undirected
sr60;p2688;1;Undirected
sr61;p2032;6;Undirected
sr61;p386;1;Undirected
sr61;p387;1;Undirected
sr62;p1891;1;Undirected
sr62;p1892;1;Undirected
sr62;p1893;1;Undirected
sr62;p1894;2;Undirected
sr62;p91;1;Undirected
sr62;p92;1;Undirected
sr62;p93;1;Undirected
sr62;p94;1;Undirected
sr63;p2514;1;Undirected
sr63;p2564;2;Undirected
sr64;p2139;13;Undirected
sr64;p582;1;Undirected
sr64;p588;2;Undirected
sr64;p591;1;Undirected
sr64;p593;1;Undirected
sr64;p595;1;Undirected
sr64;p596;1;Undirected
sr64;p606;1;Undirected
sr64;p612;1;Undirected
sr64;p618;1;Undirected
sr64;p641;1;Undirected
sr64;p658;2;Undirected
sr64;p663;1;Undirected
sr64;p666;1;Undirected
sr64;p669;1;Undirected
sr64;p671;1;Undirected
sr64;p672;1;Undirected
sr65;p2097;1;Undirected
sr66;p1393;3;Undirected
sr66;p1394;1;Undirected
sr66;p1425;1;Undirected
sr66;p1427;1;Undirected
sr66;p1436;1;Undirected
sr66;p2572;1;Undirected
sr67;p1718;1;Undirected
sr67;p1858;1;Undirected
sr67;p2626;2;Undirected
sr68;p2068;1;Undirected
sr69;p2212;49;Undirected
sr69;p841;1;Undirected
sr7;p2535;1;Undirected
sr70;p1134;1;Undirected
sr70;p2411;1;Undirected
sr71;p1962;4;Undirected
sr71;p239;1;Undirected
sr72;p1327;1;Undirected
sr72;p2537;2;Undirected
sr73;p2296;4;Undirected
sr74;p1100;2;Undirected
sr74;p1101;4;Undirected
sr74;p1102;1;Undirected
sr74;p1103;1;Undirected
sr74;p1104;1;Undirected
sr74;p1105;1;Undirected
sr74;p1106;2;Undirected
sr74;p1112;2;Undirected
sr74;p1113;1;Undirected
sr74;p1211;1;Undirected
sr74;p1212;2;Undirected
sr74;p1213;1;Undirected
sr74;p1214;1;Undirected
sr74;p1215;1;Undirected
sr74;p1216;1;Undirected
sr74;p1217;1;Undirected
sr74;p1218;1;Undirected
sr74;p1219;3;Undirected
sr74;p1220;1;Undirected
sr74;p1221;1;Undirected
sr74;p1222;1;Undirected
sr74;p1223;1;Undirected
sr74;p1224;1;Undirected
sr74;p1227;1;Undirected
sr74;p1228;2;Undirected
sr74;p1229;1;Undirected
sr74;p1230;2;Undirected
sr74;p1231;1;Undirected
sr74;p1232;1;Undirected
sr74;p1235;1;Undirected
sr74;p1293;1;Undirected
sr74;p1294;1;Undirected
sr74;p1295;5;Undirected
sr74;p1875;3;Undirected
sr74;p190;1;Undirected
sr74;p1908;4;Undirected
sr74;p191;2;Undirected
sr74;p1915;1;Undirected
sr74;p193;1;Undirected
sr74;p194;1;Undirected
sr74;p1941;16;Undirected
sr74;p195;2;Undirected
sr74;p196;1;Undirected
sr74;p197;2;Undirected
sr74;p198;1;Undirected
sr74;p200;2;Undirected
sr74;p201;5;Undirected
sr74;p202;1;Undirected
sr74;p2020;30;Undirected
sr74;p2021;1;Undirected
sr74;p203;2;Undirected
sr74;p205;1;Undirected
sr74;p206;1;Undirected
sr74;p207;1;Undirected
sr74;p208;1;Undirected
sr74;p2084;5;Undirected
sr74;p2086;6;Undirected
sr74;p209;2;Undirected
sr74;p2098;2;Undirected
sr74;p210;2;Undirected
sr74;p211;1;Undirected
sr74;p212;1;Undirected
sr74;p213;1;Undirected
sr74;p2138;4;Undirected
sr74;p214;1;Undirected
sr74;p215;1;Undirected
sr74;p216;1;Undirected
sr74;p217;1;Undirected
sr74;p2178;2;Undirected
sr74;p218;3;Undirected
sr74;p2182;5;Undirected
sr74;p219;1;Undirected
sr74;p2204;4;Undirected
sr74;p2208;8;Undirected
sr74;p222;1;Undirected
sr74;p2234;1;Undirected
sr74;p224;1;Undirected
sr74;p225;1;Undirected
sr74;p2286;13;Undirected
sr74;p2368;3;Undirected
sr74;p2378;2;Undirected
sr74;p2451;34;Undirected
sr74;p2492;7;Undirected
sr74;p2595;1;Undirected
sr74;p342;4;Undirected
sr74;p343;1;Undirected
sr74;p344;5;Undirected
sr74;p345;2;Undirected
sr74;p346;1;Undirected
sr74;p347;1;Undirected
sr74;p348;3;Undirected
sr74;p349;2;Undirected
sr74;p350;1;Undirected
sr74;p351;1;Undirected
sr74;p352;3;Undirected
sr74;p353;2;Undirected
sr74;p354;1;Undirected
sr74;p355;1;Undirected
sr74;p356;3;Undirected
sr74;p357;1;Undirected
sr74;p358;1;Undirected
sr74;p359;1;Undirected
sr74;p360;1;Undirected
sr74;p361;1;Undirected
sr74;p362;1;Undirected
sr74;p363;1;Undirected
sr74;p364;1;Undirected
sr74;p365;1;Undirected
sr74;p44;1;Undirected
sr74;p474;1;Undirected
sr74;p475;1;Undirected
sr74;p476;1;Undirected
sr74;p477;1;Undirected
sr74;p478;1;Undirected
sr74;p479;1;Undirected
sr74;p480;1;Undirected
sr74;p481;1;Undirected
sr74;p482;1;Undirected
sr74;p483;1;Undirected
sr74;p484;1;Undirected
sr74;p485;4;Undirected
sr74;p486;1;Undirected
sr74;p487;1;Undirected
sr74;p488;1;Undirected
sr74;p490;1;Undirected
sr74;p491;1;Undirected
sr74;p492;1;Undirected
sr74;p498;1;Undirected
sr74;p661;1;Undirected
sr74;p709;1;Undirected
sr74;p710;1;Undirected
sr74;p711;2;Undirected
sr74;p713;1;Undirected
sr74;p804;1;Undirected
sr74;p805;1;Undirected
sr74;p806;1;Undirected
sr74;p807;1;Undirected
sr74;p843;1;Undirected
sr74;p980;1;Undirected
sr74;p982;1;Undirected
sr74;p983;2;Undirected
sr74;p985;1;Undirected
sr74;p986;1;Undirected
sr74;p987;1;Undirected
sr74;p988;3;Undirected
sr74;p989;1;Undirected
sr74;p99;1;Undirected
sr74;p991;2;Undirected
sr74;p992;2;Undirected
sr74;p993;1;Undirected
sr74;p994;2;Undirected
sr74;p995;1;Undirected
sr74;p997;1;Undirected
sr74;p998;1;Undirected
sr75;p1895;2;Undirected
sr75;p2094;1;Undirected
sr76;p1831;2;Undirected
sr76;p1834;1;Undirected
sr76;p2687;5;Undirected
sr77;p1132;2;Undirected
sr77;p1133;1;Undirected
sr77;p2409;2;Undirected
sr78;p2147;7;Undirected
sr78;p674;1;Undirected
sr78;p681;1;Undirected
sr78;p695;1;Undirected
sr78;p696;1;Undirected
sr78;p698;1;Undirected
sr79;p1068;2;Undirected
sr79;p1069;4;Undirected
sr79;p1070;1;Undirected
sr79;p1071;1;Undirected
sr79;p1072;1;Undirected
sr79;p1073;1;Undirected
sr79;p1074;1;Undirected
sr79;p1075;1;Undirected
sr79;p2320;2;Undirected
sr8;p1897;3;Undirected
sr8;p1982;1;Undirected
sr8;p2067;2;Undirected
sr8;p2242;1;Undirected
sr8;p2251;1;Undirected
sr8;p2254;1;Undirected
sr8;p2375;1;Undirected
sr8;p2638;1;Undirected
sr8;p2664;1;Undirected
sr8;p95;1;Undirected
sr80;p2616;1;Undirected
sr81;p1096;1;Undirected
sr81;p1097;1;Undirected
sr81;p1098;1;Undirected
sr81;p1099;1;Undirected
sr81;p1739;1;Undirected
sr81;p1760;1;Undirected
sr81;p1761;1;Undirected
sr81;p1762;1;Undirected
sr81;p1764;1;Undirected
sr81;p1797;1;Undirected
sr81;p1876;3;Undirected
sr81;p1886;1;Undirected
sr81;p2005;10;Undirected
sr81;p2056;1;Undirected
sr81;p2066;1;Undirected
sr81;p2367;3;Undirected
sr81;p2490;1;Undirected
sr81;p2498;1;Undirected
sr81;p2509;1;Undirected
sr81;p2556;1;Undirected
sr81;p2596;2;Undirected
sr81;p2608;1;Undirected
sr81;p2635;2;Undirected
sr81;p2643;5;Undirected
sr81;p2670;1;Undirected
sr81;p2675;2;Undirected
sr81;p43;1;Undirected
sr81;p74;1;Undirected
sr82;p1983;1;Undirected
sr82;p2672;1;Undirected
sr83;p1731;2;Undirected
sr83;p1733;1;Undirected
sr83;p1736;1;Undirected
sr83;p1740;1;Undirected
sr83;p2633;1;Undirected
sr84;p1107;2;Undirected
sr84;p1109;1;Undirected
sr84;p1118;1;Undirected
sr84;p1120;1;Undirected
sr84;p1126;1;Undirected
sr84;p1129;1;Undirected
sr84;p1226;1;Undirected
sr84;p1249;1;Undirected
sr84;p1250;4;Undirected
sr84;p1251;4;Undirected
sr84;p1252;1;Undirected
sr84;p1253;1;Undirected
sr84;p1254;2;Undirected
sr84;p1255;1;Undirected
sr84;p1256;2;Undirected
sr84;p1257;3;Undirected
sr84;p1259;1;Undirected
sr84;p1261;1;Undirected
sr84;p1263;1;Undirected
sr84;p1265;1;Undirected
sr84;p1266;1;Undirected
sr84;p1271;1;Undirected
sr84;p1272;1;Undirected
sr84;p1273;1;Undirected
sr84;p1276;1;Undirected
sr84;p1277;1;Undirected
sr84;p1278;1;Undirected
sr84;p149;2;Undirected
sr84;p150;1;Undirected
sr84;p151;1;Undirected
sr84;p152;1;Undirected
sr84;p153;1;Undirected
sr84;p154;1;Undirected
sr84;p155;1;Undirected
sr84;p156;1;Undirected
sr84;p157;1;Undirected
sr84;p158;1;Undirected
sr84;p159;1;Undirected
sr84;p160;2;Undirected
sr84;p161;3;Undirected
sr84;p162;1;Undirected
sr84;p163;1;Undirected
sr84;p166;1;Undirected
sr84;p167;1;Undirected
sr84;p168;1;Undirected
sr84;p169;1;Undirected
sr84;p170;1;Undirected
sr84;p179;1;Undirected
sr84;p181;1;Undirected
sr84;p1837;1;Undirected
sr84;p1838;2;Undirected
sr84;p1842;1;Undirected
sr84;p1844;1;Undirected
sr84;p1890;1;Undirected
sr84;p1922;5;Undirected
sr84;p1924;20;Undirected
sr84;p1943;3;Undirected
sr84;p2016;1;Undirected
sr84;p2075;5;Undirected
sr84;p2118;1;Undirected
sr84;p2183;3;Undirected
sr84;p220;1;Undirected
sr84;p2205;7;Undirected
sr84;p2209;12;Undirected
sr84;p221;1;Undirected
sr84;p2238;4;Undirected
sr84;p2287;5;Undirected
sr84;p2373;3;Undirected
sr84;p2391;2;Undirected
sr84;p2401;1;Undirected
sr84;p2456;5;Undirected
sr84;p2469;11;Undirected
sr84;p2690;2;Undirected
sr84;p337;1;Undirected
sr84;p340;2;Undirected
sr84;p454;1;Undirected
sr84;p508;2;Undirected
sr84;p712;1;Undirected
sr84;p717;1;Undirected
sr84;p718;1;Undirected
sr84;p719;2;Undirected
sr84;p721;1;Undirected
sr84;p725;1;Undirected
sr84;p728;1;Undirected
sr84;p800;2;Undirected
sr84;p801;1;Undirected
sr84;p802;1;Undirected
sr84;p803;1;Undirected
sr84;p808;1;Undirected
sr84;p809;1;Undirected
sr84;p810;1;Undirected
sr84;p811;1;Undirected
sr84;p812;3;Undirected
sr84;p813;2;Undirected
sr84;p814;1;Undirected
sr84;p815;2;Undirected
sr84;p816;1;Undirected
sr84;p817;4;Undirected
sr84;p818;2;Undirected
sr84;p819;1;Undirected
sr84;p821;3;Undirected
sr84;p822;1;Undirected
sr84;p824;1;Undirected
sr84;p825;1;Undirected
sr84;p826;3;Undirected
sr84;p827;1;Undirected
sr84;p828;1;Undirected
sr84;p829;1;Undirected
sr84;p830;2;Undirected
sr84;p831;1;Undirected
sr84;p832;1;Undirected
sr84;p833;1;Undirected
sr84;p834;1;Undirected
sr84;p837;1;Undirected
sr84;p847;1;Undirected
sr84;p848;1;Undirected
sr84;p90;2;Undirected
sr84;p975;1;Undirected
sr84;p976;1;Undirected
sr84;p977;1;Undirected
sr84;p978;1;Undirected
sr84;p979;1;Undirected
sr84;p981;1;Undirected
sr84;p984;1;Undirected
sr85;p1016;1;Undirected
sr85;p1025;2;Undirected
sr85;p2298;8;Undirected
sr85;p2380;1;Undirected
sr86;p1861;1;Undirected
sr87;p1244;2;Undirected
sr87;p1245;1;Undirected
sr87;p1246;1;Undirected
sr87;p1248;1;Undirected
sr87;p1274;1;Undirected
sr87;p1991;2;Undirected
sr87;p2010;1;Undirected
sr87;p2109;1;Undirected
sr87;p2266;1;Undirected
sr87;p2388;1;Undirected
sr87;p2407;1;Undirected
sr87;p2440;1;Undirected
sr87;p2467;9;Undirected
sr87;p2503;1;Undirected
sr87;p327;1;Undirected
sr87;p922;2;Undirected
sr87;p948;1;Undirected
sr88;p1868;1;Undirected
sr88;p2527;1;Undirected
sr89;p1809;1;Undirected
sr89;p1810;1;Undirected
sr89;p192;1;Undirected
sr89;p1942;1;Undirected
sr89;p199;1;Undirected
sr89;p2015;1;Undirected
sr89;p2210;1;Undirected
sr89;p2221;1;Undirected
sr89;p2288;3;Undirected
sr89;p2371;1;Undirected
sr89;p2390;1;Undirected
sr89;p2681;2;Undirected
sr89;p823;1;Undirected
sr89;p990;1;Undirected
sr9;p1926;1;Undirected
sr90;p1715;2;Undirected
sr90;p1717;1;Undirected
sr90;p2624;8;Undirected
sr91;p2473;2;Undirected
sr91;p2474;2;Undirected
sr92;p2261;3;Undirected
sr93;p1523;2;Undirected
sr93;p1524;1;Undirected
sr93;p1525;1;Undirected
sr93;p1526;7;Undirected
sr93;p1527;1;Undirected
sr93;p1528;1;Undirected
sr93;p1529;1;Undirected
sr93;p1530;2;Undirected
sr93;p1531;1;Undirected
sr93;p1532;1;Undirected
sr93;p1533;1;Undirected
sr93;p1534;1;Undirected
sr93;p1535;6;Undirected
sr93;p1536;1;Undirected
sr93;p1537;1;Undirected
sr93;p1539;1;Undirected
sr93;p1540;1;Undirected
sr93;p1542;1;Undirected
sr93;p1543;1;Undirected
sr93;p2605;11;Undirected
sr94;p1935;2;Undirected
sr95;p1;1;Undirected
sr95;p104;1;Undirected
sr95;p105;2;Undirected
sr95;p106;1;Undirected
sr95;p107;2;Undirected
sr95;p108;2;Undirected
sr95;p110;1;Undirected
sr95;p114;1;Undirected
sr95;p12;1;Undirected
sr95;p13;1;Undirected
sr95;p15;1;Undirected
sr95;p174;1;Undirected
sr95;p176;1;Undirected
sr95;p177;1;Undirected
sr95;p178;1;Undirected
sr95;p1846;1;Undirected
sr95;p1847;1;Undirected
sr95;p1859;4;Undirected
sr95;p1862;3;Undirected
sr95;p1873;3;Undirected
sr95;p1912;3;Undirected
sr95;p2;1;Undirected
sr95;p20;3;Undirected
sr95;p2062;2;Undirected
sr95;p21;1;Undirected
sr95;p22;1;Undirected
sr95;p228;2;Undirected
sr95;p23;1;Undirected
sr95;p24;1;Undirected
sr95;p25;1;Undirected
sr95;p26;1;Undirected
sr95;p27;1;Undirected
sr95;p28;1;Undirected
sr95;p29;1;Undirected
sr95;p3;1;Undirected
sr95;p35;1;Undirected
sr95;p36;1;Undirected
sr95;p37;1;Undirected
sr95;p4;1;Undirected
sr95;p41;1;Undirected
sr95;p45;1;Undirected
sr95;p5;1;Undirected
sr95;p6;1;Undirected
sr95;p7;1;Undirected
sr95;p8;1;Undirected
sr95;p9;1;Undirected
sr96;p1020;1;Undirected
sr96;p1026;1;Undirected
sr96;p1027;2;Undirected
sr96;p1029;1;Undirected
sr96;p1030;1;Undirected
sr96;p1031;1;Undirected
sr96;p1032;1;Undirected
sr96;p1035;1;Undirected
sr96;p1036;1;Undirected
sr96;p1067;1;Undirected
sr96;p1077;1;Undirected
sr96;p1142;1;Undirected
sr96;p1143;1;Undirected
sr96;p1179;1;Undirected
sr96;p1691;1;Undirected
sr96;p1692;1;Undirected
sr96;p1694;1;Undirected
sr96;p1701;3;Undirected
sr96;p1702;4;Undirected
sr96;p1703;1;Undirected
sr96;p1704;1;Undirected
sr96;p1707;1;Undirected
sr96;p1708;1;Undirected
sr96;p1709;1;Undirected
sr96;p1711;1;Undirected
sr96;p1713;2;Undirected
sr96;p1714;1;Undirected
sr96;p2149;11;Undirected
sr96;p2188;1;Undirected
sr96;p2243;21;Undirected
sr96;p2248;2;Undirected
sr96;p2297;4;Undirected
sr96;p2437;1;Undirected
sr96;p2621;12;Undirected
sr96;p667;1;Undirected
sr96;p670;1;Undirected
sr96;p673;3;Undirected
sr96;p849;4;Undirected
sr96;p850;1;Undirected
sr96;p851;2;Undirected
sr96;p852;1;Undirected
sr96;p853;2;Undirected
sr96;p854;1;Undirected
sr96;p855;1;Undirected
sr96;p856;2;Undirected
sr96;p857;2;Undirected
sr96;p858;1;Undirected
sr96;p859;3;Undirected
sr96;p860;1;Undirected
sr96;p861;2;Undirected
sr96;p862;2;Undirected
sr96;p863;1;Undirected
sr96;p864;1;Undirected
sr96;p865;1;Undirected
sr96;p866;1;Undirected
sr96;p867;4;Undirected
sr96;p868;2;Undirected
sr96;p869;1;Undirected
sr96;p870;1;Undirected
sr96;p871;1;Undirected
sr96;p872;1;Undirected
sr96;p873;3;Undirected
sr96;p874;1;Undirected
sr96;p875;1;Undirected
sr96;p876;2;Undirected
sr96;p877;1;Undirected
sr96;p878;1;Undirected
sr96;p879;2;Undirected
sr96;p880;1;Undirected
sr96;p881;2;Undirected
sr96;p882;1;Undirected
sr96;p883;1;Undirected
sr96;p886;1;Undirected
sr96;p887;1;Undirected
sr96;p888;1;Undirected
sr96;p889;1;Undirected
sr96;p891;1;Undirected
sr96;p892;1;Undirected
sr96;p893;1;Undirected
sr96;p895;1;Undirected
sr96;p974;1;Undirected
sr97;p2647;1;Undirected
sr98;p2145;1;Undirected
sr99;p1049;2;Undirected
sr99;p1051;1;Undirected
sr99;p1052;1;Undirected
sr99;p1053;1;Undirected
sr99;p1054;1;Undirected
sr99;p1055;1;Undirected
sr99;p1056;1;Undirected
sr99;p1057;3;Undirected
sr99;p1058;1;Undirected
sr99;p1062;1;Undirected
sr99;p1063;1;Undirected
sr99;p1064;1;Undirected
sr99;p1065;1;Undirected
sr99;p1066;1;Undirected
sr99;p2318;17;Undirected
