Id;u_min;u_max;u_mean;sentiment;Cat;Label
sr0;1;1;1.0;;sreddit;sr0
sr1;1;1;1.0;;sreddit;sr1
sr10;1;2;1.5;;sreddit;sr10
sr100;-2;8;2.3;;sreddit;sr100
sr101;1;3;1.67;;sreddit;sr101
sr102;-92;258;9.45;;sreddit;sr102
sr103;3;9;6.0;;sreddit;sr103
sr104;-4;14;2.31;;sreddit;sr104
sr105;0;4;2.1;;sreddit;sr105
sr106;1;4;1.67;;sreddit;sr106
sr107;1;7;4.0;;sreddit;sr107
sr108;1;1;1.0;;sreddit;sr108
sr109;-16;172;5.99;;sreddit;sr109
sr11;2;16;8.33;;sreddit;sr11
sr110;2;9;6.67;;sreddit;sr110
sr111;-5;25;2.8;;sreddit;sr111
sr112;1;1;1.0;;sreddit;sr112
sr113;1;23;3.7;;sreddit;sr113
sr114;-7;16;6.0;0.0;sreddit;sr114
sr115;1;2;1.33;0.0;sreddit;sr115
sr116;1;3;2.0;1.0;sreddit;sr116
sr117;1;1;1.0;1.0;sreddit;sr117
sr118;1;9;2.68;1.0;sreddit;sr118
sr119;-7;7;0.75;1.0;sreddit;sr119
sr12;0;12;2.57;0.0;sreddit;sr12
sr120;-9;26;6.0;0.0;sreddit;sr120
sr121;1;3;1.5;;sreddit;sr121
sr122;-54;167;6.6;1.0;sreddit;sr122
sr123;1;3;2.0;0.0;sreddit;sr123
sr124;0;5;2.1;0.0;sreddit;sr124
sr125;1;3;1.83;1.0;sreddit;sr125
sr126;0;16;3.37;;sreddit;sr126
sr127;1;2;1.2;;sreddit;sr127
sr128;1;2;1.17;;sreddit;sr128
sr129;1;3;2.0;;sreddit;sr129
sr13;2;5;3.5;0.0;sreddit;sr13
sr130;1;1;1.0;0.0;sreddit;sr130
sr131;1;1;1.0;;sreddit;sr131
sr132;1;1;1.0;2.0;sreddit;sr132
sr14;1;1;1.0;1.0;sreddit;sr14
sr15;-5;24;4.4;;sreddit;sr15
sr16;1;6;2.79;;sreddit;sr16
sr17;-1;6;1.86;;sreddit;sr17
sr18;0;4;2.0;0.0;sreddit;sr18
sr19;1;12;4.0;1.0;sreddit;sr19
sr2;-1;8;2.64;;sreddit;sr2
sr20;1;2;1.33;;sreddit;sr20
sr21;0;1;0.5;;sreddit;sr21
sr22;1;1;1.0;;sreddit;sr22
sr23;-27;57;2.76;;sreddit;sr23
sr24;-2;5;1.6;2.0;sreddit;sr24
sr25;2;3;2.5;1.0;sreddit;sr25
sr26;-2;8;3.0;0.0;sreddit;sr26
sr27;-1;12;4.36;2.0;sreddit;sr27
sr28;1;2;1.75;1.0;sreddit;sr28
sr29;-3;5;1.57;1.0;sreddit;sr29
sr3;2;3;2.25;;sreddit;sr3
sr30;1;46;11.83;;sreddit;sr30
sr31;-22;297;8.37;2.0;sreddit;sr31
sr32;-5;17;4.14;;sreddit;sr32
sr33;0;117;17.0;1.0;sreddit;sr33
sr34;1;1;1.0;;sreddit;sr34
sr35;0;36;8.1;2.0;sreddit;sr35
sr36;1;2;1.5;1.0;sreddit;sr36
sr37;-4;13;4.25;0.0;sreddit;sr37
sr38;-9;67;12.79;1.0;sreddit;sr38
sr39;-13;790;48.41;0.0;sreddit;sr39
sr4;1;1;1.0;1.0;sreddit;sr4
sr40;1;1;1.0;1.0;sreddit;sr40
sr41;-2;2;1.0;1.0;sreddit;sr41
sr42;1;19;5.8;0.0;sreddit;sr42
sr43;-10;79;5.6;0.0;sreddit;sr43
sr44;1;4;2.5;1.0;sreddit;sr44
sr45;2;2;2.0;0.0;sreddit;sr45
sr46;2;2;2.0;1.0;sreddit;sr46
sr47;-23;413;11.02;;sreddit;sr47
sr48;1;1;1.0;2.0;sreddit;sr48
sr49;2;2;2.0;0.0;sreddit;sr49
sr5;0;4;1.69;2.0;sreddit;sr5
sr50;1;1;1.0;2.0;sreddit;sr50
sr51;1;7;2.5;;sreddit;sr51
sr52;2;2;2.0;2.0;sreddit;sr52
sr53;1;1;1.0;;sreddit;sr53
sr54;-4;53;14.58;;sreddit;sr54
sr55;1;1;1.0;;sreddit;sr55
sr56;1;1;1.0;0.0;sreddit;sr56
sr57;0;31;7.29;1.0;sreddit;sr57
sr58;1;4;1.5;1.0;sreddit;sr58
sr59;1;1;1.0;;sreddit;sr59
sr6;1;3;1.36;0.0;sreddit;sr6
sr60;-8;6;1.5;0.0;sreddit;sr60
sr61;-3;9;2.12;1.0;sreddit;sr61
sr62;0;6;1.67;2.0;sreddit;sr62
sr63;1;2;1.33;0.0;sreddit;sr63
sr64;-17;44;6.23;1.0;sreddit;sr64
sr65;1;1;1.0;1.0;sreddit;sr65
sr66;1;18;5.25;0.0;sreddit;sr66
sr67;-1;5;1.5;0.0;sreddit;sr67
sr68;2;2;2.0;;sreddit;sr68
sr69;1;6;1.36;;sreddit;sr69
sr7;1;1;1.0;;sreddit;sr7
sr70;-1;1;0.0;;sreddit;sr70
sr71;1;5;2.2;0.0;sreddit;sr71
sr72;-1;1;0.0;0.0;sreddit;sr72
sr73;2;6;3.0;2.0;sreddit;sr73
sr74;-46;293;14.11;0.0;sreddit;sr74
sr75;1;2;1.67;0.0;sreddit;sr75
sr76;2;15;6.75;;sreddit;sr76
sr77;1;11;5.0;;sreddit;sr77
sr78;-3;18;5.33;;sreddit;sr78
sr79;-7;46;10.57;0.0;sreddit;sr79
sr8;1;3;1.23;0.0;sreddit;sr8
sr80;2;2;2.0;;sreddit;sr80
sr81;0;8;2.19;;sreddit;sr81
sr82;1;2;1.5;1.0;sreddit;sr82
sr83;1;3;1.83;;sreddit;sr83
sr84;-66;198;10.62;;sreddit;sr84
sr85;1;23;8.17;0.0;sreddit;sr85
sr86;1;1;1.0;2.0;sreddit;sr86
sr87;-3;20;4.18;2.0;sreddit;sr87
sr88;0;2;1.0;2.0;sreddit;sr88
sr89;-6;16;3.47;0.0;sreddit;sr89
sr9;1;1;1.0;;sreddit;sr9
sr90;2;94;27.09;0.0;sreddit;sr90
sr91;1;2;1.5;1.0;sreddit;sr91
sr92;1;3;2.0;;sreddit;sr92
sr93;-53;267;24.81;;sreddit;sr93
sr94;1;1;1.0;0.0;sreddit;sr94
sr95;-32;23;2.97;0.0;sreddit;sr95
sr96;-85;124;6.21;2.0;sreddit;sr96
sr97;3;3;3.0;2.0;sreddit;sr97
sr98;2;2;2.0;0.0;sreddit;sr98
sr99;-33;45;3.38;2.0;sreddit;sr99
